County,State,Ind Electric Rate ($/MWh)
Abbeville,SC,25.8452635641818
Acadia Parish,LA,39.6691061127691
Ada,ID,65.1000331496544
Hansford,TX,41.9624798531716
Accomack,VA,85.699999999992
Adair,IA,70.0013383458656
Adams,NE,78.2227577768692
Adair,KY,55.2325263123353
Adair,MO,65.7655095184787
Adair,OK,48.2688963018365
Adams,CO,67.7276679695157
Adams,IA,60.9760720944686
Adams,ID,65.1551846590899
Alfalfa,OK,54.4696297550474
Adams,IL,55.6546016418739
Adams,IN,70.2192764630408
Adams,ND,69.9655352480416
Adams,MS,61.5896471567875
Adams,OH,79.2841956282432
Adams,PA,79.9270405432067
Alamance,NC,59.8185715670161
Adams,WA,55.686458628455
Addison,VT,100.634662284592
Adams,WI,86.2250073099452
Aitkin,MN,94.1196100617953
Aiken,SC,69.9779899603907
Allen,KS,73.622037578287
Alachua,FL,85.3766149072435
Alameda,CA,116.26924666934
Alamosa,CO,71.9462146702567
Albany,NY,60.3999999999854
Albany,WY,72.0728202382531
Anderson,KS,93.3315433132499
Albemarle,VA,67.0175020316536
Anchorage Borough,AK,71.5706724786666
Alcona,MI,83.1245984425542
Alcorn,MS,59.25521360555
Aleutians East Borough,AK,155.599999999995
Aleutians West Census Area,AK,213.618590869189
Alexander,NC,60.01298635891
Alexander,IL,54.5858975743549
Alexandria City,VA,66.6999999999989
Alger,MI,97.3903723773787
Allamakee,IA,65.5036159601034
Aurora,SD,75.3830997526806
Allegan,MI,79.8992014524687
Allegany,MD,91.2999999999921
Allegany,NY,75.4658093319973
Baca,CO,115.025340767462
Alleghany,NC,57.8868767886068
Allen,KY,54.8999999999961
Alleghany,VA,66.6999999999973
Allen,OH,86.6015202175212
Allegheny,PA,90.1127295394991
Allen,IN,63.8459086715781
Allendale,SC,76.1346604215466
Allen Parish,LA,71.8721684657971
Calhoun,MS,82.5429632651604
Alpena,MI,108.840778402666
Alpine,CA,120.7
Amador,CA,120.698891175895
Amelia,VA,75.5530082041958
Amite,MS,68.2047326136065
Amherst,VA,67.4797377213698
Antelope,NE,110.25558143702
Anderson,KY,60.8467702768328
Archer,TX,52.1999999999984
Archuleta,CO,63.6190767781397
Anderson,SC,56.3026903039499
Atoka,OK,47.3516173369555
Anderson,TN,62.8703622873187
Anderson,TX,62.7624479735857
Audubon,IA,56.8842967426095
Andrew,MO,66.5275530027891
Andrews,TX,52.2000000000038
Androscoggin,ME,86.1000000000111
Angelina,TX,52.4288024598365
Anne Arundel,MD,110.191189135466
Anoka,MN,84.8115391695425
Anson,NC,65.1359569702613
Antrim,MI,80.9861478175612
Apache,AZ,93.2609435756967
Appanoose,IA,74.0148115857798
Arenac,MI,76.8999999999943
Arkansas,AR,64.8338873176964
Appling,GA,55.1741271882103
Arlington,VA,66.7000000000006
Appomattox,VA,66.1942731008431
Aransas,TX,52.1999999999982
Arapahoe,CO,67.0325812563974
Arthur,NE,76.4000000000001
Armstrong,PA,75.1398101310818
Armstrong,TX,53.1918723660446
Aroostook,ME,92.9393320489981
Ascension Parish,LA,78.7524459925375
Asotin,WA,62.4837010020962
Ashe,NC,57.8999999999965
Ashland,OH,72.3884955413664
Ashland,WI,76.1347303543922
Athens,OH,86.366355010033
Ashley,AR,55.4750180542091
Ashtabula,OH,63.9855981845862
Assumption Parish,LA,49.6581118704497
Atascosa,TX,52.9490999579883
Atkinson,GA,54.9574030658247
Atchison,KS,80.689066589127
Atchison,MO,69.1091995947326
Atlantic,NJ,101.400000000003
Auglaize,OH,73.7024414476257
Augusta,VA,71.2656333874511
Attala,MS,57.4657961573451
Audrain,MO,66.6624886028375
Austin,TX,53.7787304857775
Autauga,AL,74.7521205668019
Avery,NC,62.1860710719158
Avoyelles Parish,LA,77.1847933895058
Cortland,NY,59.7878911975454
Bacon,GA,54.616041734595
Bailey,TX,50.7403603034126
Baker,FL,78.0999999999968
Barren,KY,67.0082202096921
Baker,GA,56.3999999999995
Baker,OR,55.3909918968677
Baldwin,AL,61.9630964169984
Baldwin,GA,56.6930268894389
Ballard,KY,80.6811717421544
Baltimore,MD,110.196297997005
Bamberg,SC,77.1377763394286
Baltimore City,MD,110.199948251359
Bandera,TX,77.8962631008357
Banks,GA,59.5924157883819
Banner,NE,77.6443594646273
Bannock,ID,65.065908004355
Barnwell,SC,80.5619762192377
Baraga,MI,31.7621058192874
Barber,KS,79.0597969782834
Barton,MO,69.0626601395674
Barbour,AL,71.6916605516461
Barbour,WV,66.1120116472374
Barnes,ND,88.3704628949321
Barry,MI,81.8825867636937
Barnstable,MA,131.100000000051
Dekalb,IN,73.168928053037
Barron,WI,68.7011664518551
Barrow,GA,62.9325263671515
Barry,MO,76.424243682721
Bartholomew,IN,72.1392756475278
Barton,KS,79.209442373465
Bartow,GA,57.6783033564688
Bastrop,TX,60.9826348430804
Bay,FL,65.5334952162245
Bates,MO,67.6768537590101
Bourbon,KS,72.1934138396777
Bath,KY,60.5766196818835
Bath,VA,66.7000000000023
Baxter,AR,65.1472101370838
Bay,MI,87.7162982038093
Beaufort,NC,69.1778020295466
Bayfield,WI,77.5934878782505
Baylor,TX,52.1999999999988
Beadle,SD,68.021545422903
Bear Lake,ID,65.8000000000008
Beaver,PA,87.4967377523284
Beaufort,SC,75.3926010810235
Beauregard Parish,LA,67.2666317443675
Beaver,OK,55.8234873381012
Beckham,OK,44.024283406465
Beaver,UT,63.0999999999984
Beaverhead,MT,62.7571781151814
Becker,MN,82.9697457020127
Bedford,PA,49.953013152424
Bee,TX,52.9241280913116
Bedford,TN,54.3765204523878
Bedford,VA,68.3378551089392
Bedford City,VA,66.9714025500907
Bell,TX,63.6335327859833
Belknap,NH,123.041375866748
Bell,KY,62.3882850173338
Belmont,OH,83.2931756985689
Beltrami,MN,176.301593703894
Benewah,ID,14.6892277603303
Ben Hill,GA,73.7909978931278
Bent,CO,111.521917738019
Bennett,SD,75.5000000000006
Bennington,VT,100.600000000003
Benton,MN,76.3008992259037
Garza,TX,48.8449572309531
Benson,ND,81.2222222222209
Gillespie,TX,52.6764303404314
Benton,AR,56.3685541624352
Benton,IA,78.0422567525211
Benton,IN,62.7960716495958
Benton,MO,67.0844184752357
Benton,MS,71.7160662624028
Bibb,AL,63.5218764422725
Benton,OR,76.9399968411032
Bledsoe,TN,71.2996734453275
Benton,TN,58.2000000000044
Bollinger,MO,62.5708961845602
Benton,WA,53.3791566817571
Benzie,MI,53.7271322748185
Bergen,NJ,59.293403930557
Berkeley,SC,62.5775075533487
Bond,IL,220.125331793527
Berkeley,WV,67.9999466530628
Boone,IA,68.6480015082897
Berks,PA,76.7118855404335
Berkshire,MA,127.794078807018
Bernalillo,NM,52.8375996899351
Big Stone,MN,75.75006385696
Berrien,GA,69.4282034976179
Berrien,MI,64.0744099734482
Bertie,NC,62.3001042345259
Bethel Census Area,AK,155.600000000011
Bexar,TX,52.1999999999469
Bibb,GA,56.6818762546928
Billings,ND,79.0677950876068
Bienville Parish,LA,50.4002744360315
Blaine,OK,48.0178925892565
Big Horn,MT,29.7979239710499
Bleckley,GA,61.9264867296445
Boone,IL,63.6999999999978
Big Horn,WY,80.248355124419
Bingham,ID,65.1227575158804
Blackford,IN,64.5219597926446
Black Hawk,IA,56.6643631789925
Bladen,NC,64.2120241766316
Blaine,ID,61.1535728700553
Blaine,MT,38.1075821137098
Blaine,NE,146.3
Boone,IN,92.1127248127131
Blair,PA,46.1252762671846
Blanco,TX,74.8609534340834
Bland,VA,67.6999999999992
Blount,AL,63.4985939720791
Blount,TN,80.4999438127649
Blue Earth,MN,77.7518933396548
Boise,ID,65.1942869057556
Borden,TX,98.2967551622421
Box Butte,NE,92.7580629539949
Bolivar,MS,65.1338293268496
Bristol City,VA,66.5029592292352
Bon Homme,SD,81.9559135481295
Bonner,ID,65.6610813933739
Broadwater,MT,62.3326314954362
Bonneville,ID,48.9350771485245
Boone,AR,64.9989133118676
Decatur,IA,80.6336004346056
Boone,KY,54.9000000000015
Botetourt,VA,67.514324989708
Boone,MO,77.5746141092931
Boone,NE,88.4568695652163
Boone,WV,65.7000000000045
Bosque,TX,62.7604308517089
Bossier Parish,LA,66.5998340713541
Bottineau,ND,79.3837893864018
Douglas,SD,71.3475991649276
Douglas,WA,26.3000000000003
Boulder,CO,65.9555705270941
Boundary,ID,65.8000000000025
Bourbon,KY,60.1189605905465
Bowie,TX,53.8788716323714
Bowman,ND,69.708641975307
Box Elder,UT,62.1928959390862
Brooke,WV,67.996695849371
Boyd,KY,66.4999999999938
Boyd,NE,109.744053398058
Boyle,KY,63.0258789928085
Bracken,KY,59.9569712351939
Bradford,FL,72.6566487177105
Bradford,PA,30.0593873061011
Brookings,SD,75.844731581546
Bradley,AR,65.445711072799
Bradley,TN,60.7130739655462
Branch,MI,75.8522187508587
Brown,TX,51.8090683444966
Brantley,GA,81.7667294244231
Broome,NY,61.1162389524958
Braxton,WV,67.9999999999965
Broward,FL,78.0999999999812
Brazoria,TX,52.2000000000088
Brazos,TX,48.2986638819788
Breathitt,KY,69.5184786937485
Breckinridge,KY,54.5941417992518
Bremer,IA,75.0984239982093
Brevard,FL,78.1169292310215
Brown,IL,58.2894783247615
Brewster,TX,60.2818044040335
Briscoe,TX,73.1049233252622
Brown,IN,87.0524539007034
Bristol,MA,131.764234353125
Bristol,RI,151.900000000001
Bristol Bay Borough,AK,155.599999999996
Bronx,NY,60.3999999999997
Brooks,GA,79.9637411526771
Brooks,TX,52.2321981424164
Brown,KS,78.0552783270098
Broomfield,CO,65.2417442781201
Buena Vista,IA,58.4909880195958
Brown,MN,86.8902776591183
Buena Vista City,VA,66.7000000000001
Brown,NE,160.721353281199
Brown,OH,76.3414010740008
Brown,SD,68.6833638716781
Brown,WI,77.520276463024
Brule,SD,71.1107207752868
Cheyenne,NE,84.1781065088769
Brunswick,NC,64.3999999999931
Chickasaw,IA,71.0025201404667
Brunswick,VA,69.7289885009966
Bryan,GA,72.5996610493173
Bryan,OK,51.5518010280019
Buchanan,IA,74.5413213213171
Bureau,IL,57.4331750517564
Buchanan,MO,66.3069887157761
Buchanan,VA,67.6998875077422
Buffalo,NE,118.202030835949
Buckingham,VA,63.4421701972265
Buffalo,SD,78.4253521126753
Decatur,IN,70.3798093397198
Bucks,PA,69.6956837552226
Buffalo,WI,73.0604527669114
Caldwell,MO,66.5397534035493
Bullitt,KY,66.1351553283533
Bullock,AL,78.2356351637988
Bulloch,GA,63.5477263823996
Calhoun,IA,54.7244184659415
Buncombe,NC,64.3932972425411
Burke,GA,74.7503467568016
Clinton,KY,80.131008988753
Burke,NC,63.7258966741208
Burke,ND,74.9083532219576
Burleigh,ND,69.1575945561932
Butler,PA,67.8911957618589
Butte,CA,120.700000000037
Burleson,TX,47.8255889780565
Burlington,NJ,56.5956572150504
Burnet,TX,71.7010657529031
Butler,KS,77.1430716203885
Burnett,WI,80.1417567361849
Butler,NE,101.191950557734
Burt,NE,136.670645281611
Butler,AL,62.7550253309322
Butler,IA,65.9354954481793
Butler,KY,54.8999999999977
Butler,OH,76.0361076479088
Butler,MO,74.3384451755602
Butte,ID,65.8000000000013
Butte,SD,88.1156873770039
Butts,GA,59.2464879693609
Cabarrus,NC,61.0542518533134
Coffee,AL,64.812371109299
Cabell,WV,65.6999999999912
Cache,UT,65.0555269855408
Caddo,OK,44.9338389091292
Caddo Parish,LA,65.9714413927712
Calaveras,CA,120.69999999999
Calcasieu Parish,LA,30.4916428495061
Caldwell,KY,106.420486527725
Caldwell,NC,58.1051785105352
Calhoun,IL,35.7736842105263
Caldwell,TX,64.9574010926583
Calumet,WI,79.6061937970324
Caldwell Parish,LA,71.2225189610741
Caledonia,VT,125.097159301145
Calhoun,AL,63.3266827955892
Calhoun,AR,67.2526651553424
Calhoun,MI,78.575609816671
Calhoun,FL,1.82407453607235
Calhoun,GA,56.4638754826258
Calhoun,SC,110.2022505477
Calhoun,TX,65.0314028314032
Campbell,SD,115.707993338884
Calhoun,WV,68.0000000000009
Callahan,TX,51.9019221291265
Callaway,MO,71.2536342146035
Calloway,KY,58.2507727910629
Calvert,MD,83.0929107735385
Cambria,PA,56.9973534216763
Camas,ID,65.2959401709401
Chickasaw,MS,67.8888667796327
Camden,GA,63.7745470282737
Duval,TX,52.2000000000013
Camden,MO,67.902399022923
Carroll,KY,60.6755258991181
Camden,NC,66.1327606812073
Cameron Parish,LA,40.742129663091
Camden,NJ,63.2244276015284
Cameron,PA,75.107776192495
Cameron,TX,61.9116926077388
Grenada,MS,55.6988599286354
Camp,TX,55.4473096288087
Campbell,KY,54.9250398171809
Delaware,IN,64.2338044769419
Campbell,TN,56.9950562920248
Eddy,ND,82.1999999999991
Campbell,VA,68.7716140925842
Campbell,WY,67.7222760676254
Canadian,OK,50.2007784240091
Candler,GA,61.3893399750934
Carroll,TN,41.6446680096121
Cannon,TN,53.9921468377493
Canyon,ID,65.1000000000051
Cape Girardeau,MO,66.2699647890129
Carter,MO,74.8415678935311
Cape May,NJ,101.400000000001
Carlisle,KY,62.1074402262354
Carbon,MT,22.8572541558115
Carlton,MN,68.964838242492
Carbon,PA,69.1999999999893
Carroll,AR,62.1798358683217
Carbon,UT,63.0999999999973
Carbon,WY,86.7726926736408
Caribou,ID,65.800000000005
Gray,KS,74.4811425501423
Caroline,MD,87.2243384962808
Carroll,IN,70.1462381698118
Gray,TX,43.0432228156779
Caroline,VA,77.6784302294788
Carroll,GA,59.0176657152009
Carroll,IA,60.0138928001469
Carroll,IL,71.862314709996
Carroll,MD,107.136065816883
Carter,MT,50.1862318840583
Carroll,MO,74.9151591454346
Carroll,MS,89.1563067292663
Carroll,NH,122.447860635697
Carroll,OH,99.210498944485
Carroll,VA,67.6999494285516
Carson,TX,42.499999999997
Carson City,NV,58.6000000000012
Carter,KY,64.1932826551356
Carter,OK,51.0859785089815
Carter,TN,58.1999999999946
Carteret,NC,64.40000000001
Casey,KY,60.7695525707923
Carver,MN,81.1059486571784
Cass,IA,59.0481448974684
Cass,MI,27.8490710702649
Cass,MN,105.568300616509
Cascade,MT,89.9905299448601
Cass,IL,63.8436901494607
Cass,IN,75.0863306179794
Cass,MO,68.0404561930763
Cass,ND,82.2000000000059
Cedar,IA,65.7722165445445
Cass,NE,55.8979473748356
Cedar,MO,86.2427417027405
Grady,GA,108.029695628117
Cass,TX,54.21045818508
Cerro Gordo,IA,68.7061928283985
Cassia,ID,61.6241553725584
Castro,TX,55.7204913209775
Caswell,NC,62.4663471966264
Catahoula Parish,LA,105.184046268243
Chaffee,CO,69.2694125109023
Catawba,NC,59.8169557347452
Catoosa,GA,56.400000000001
Catron,NM,80.9697390220983
Cattaraugus,NY,57.6921245292601
Cavalier,ND,82.2000000000009
Cayuga,NY,67.9627902668062
Cecil,MD,78.9293254560892
Cedar,NE,126.5650683022
Chambers,AL,66.3100606280247
Champaign,IL,63.6274173181122
Centre,PA,74.9276265266481
Chambers,TX,47.6999999999971
Champaign,OH,92.9454500911276
Chariton,MO,77.2991303878628
Chase,NE,80.7176732535477
Charles,MD,78.3999999999857
Chattooga,GA,56.4000000000031
Charles City,VA,66.7000000000026
Chautauqua,KS,74.0000000000012
Charles Mix,SD,92.0268487503196
Charleston,SC,68.5250724033926
Chemung,NY,65.5999999999974
Charlevoix,MI,79.4630163547004
Charlotte,FL,78.0999999999701
Charlotte,VA,71.7075953838923
Charlottesville City,VA,66.6999999999996
Charlton,GA,75.2044016868745
Chase,KS,110.105212816834
Chatham,GA,56.4592604813192
Eddy,NM,57.7033447964428
Chatham,NC,64.0325291721079
Chattahoochee,GA,87.2120827076385
Chautauqua,NY,61.0419764935275
Chaves,NM,60.938028408129
Hopewell City,VA,66.6999999999995
Cheatham,TN,58.2000000000056
Cheboygan,MI,108.977494718276
Chelan,WA,45.3000000000005
Chenango,NY,59.8115825975883
Cherokee,AL,59.8336157941455
Cherokee,GA,62.5601147341089
Cherokee,IA,57.5837787329447
Cherokee,KS,74.0904977375615
Franklin,IN,75.0406262784479
Cherokee,NC,63.0517568018218
Cherry,NE,86.8011826544057
Cherokee,OK,84.5951635033567
Cherokee,SC,43.9026201780694
Cherokee,TX,55.4318851361477
Chesapeake City,VA,66.7000000000111
Cheshire,NH,124.784947826839
Chester,PA,69.2218093725175
Chester,SC,55.8424865487538
Chester,TN,34.8012331006467
Cheyenne,CO,102.099999999999
Chesterfield,SC,77.4541189518938
Cheyenne,KS,86.3204143288745
Chesterfield,VA,66.8083326883007
Chicot,AR,59.7716130650789
Childress,TX,52.9013597546118
Columbia,WA,47.1092339979008
Chilton,AL,70.6446956017069
Chippewa,MN,68.1892831983084
Chippewa,MI,82.8999999999962
Colfax,NE,83.3345133725439
Chippewa,WI,96.1424179122562
Chisago,MN,75.3429792114669
Chittenden,VT,106.329784189277
Choctaw,AL,81.593763610242
Choctaw,MS,60.3343610047904
Choctaw,OK,43.2718648267007
Chouteau,MT,70.0069822813505
Chowan,NC,80.0848313659389
Christian,IL,67.2392675368423
Hanson,SD,77.1872022607984
Christian,KY,53.6300748774097
Christian,MO,85.9325182064792
Haralson,GA,58.6299826932981
Churchill,NV,58.599999999998
Cibola,NM,59.9204332421524
Cimarron,OK,51.4867711905927
Claiborne Parish,LA,53.9032027521459
Citrus,FL,77.5678501659989
Clackamas,OR,60.4281774587816
Clare,MI,84.2044485181798
Claiborne,MS,82.2463809828371
Finney,KS,81.4813089509118
Claiborne,TN,76.7451927196114
Clark,OH,74.0173534568194
Clallam,WA,53.4921399702228
Clarke,MS,59.1685919973248
Clarendon,SC,67.7991195749165
Clay,IA,80.3250672518758
Fisher,TX,57.3343007915577
Clarion,PA,64.8467877922411
Clark,AR,64.9730408012032
Comanche,OK,40.7926682599514
Clark,ID,65.8
Clark,IL,66.3612715956926
Comanche,TX,51.5925294888573
Clark,IN,72.6761091972493
Clark,KS,74.6758157389632
Hardee,FL,183.404988495619
Clark,KY,63.4672897491849
Clark,MO,53.8132931089199
Clark,NV,71.2673383828919
Edgar,IL,63.3235341414806
Clark,SD,72.5793482111217
Clark,WA,55.6999999999835
Clark,WI,76.2400828665744
Clarke,AL,78.2026380022516
Clarke,GA,58.7043824203267
Clarke,IA,75.4556514913641
Clarke,VA,78.7608256731438
Clatsop,OR,76.2731002060889
Clay,AL,69.640573610023
Clay,AR,53.486237024264
Clay,TN,58.2000000000014
Clay,FL,72.2436855644347
Clay,GA,57.7932692307688
Clay,IL,72.8986643322559
Clay,IN,74.1564983832273
Clay,KS,126.094934598618
Clay,KY,66.9911966490945
Clearwater,MN,80.7528541226211
Clay,MN,77.6474078011279
Clay,MO,76.5991893372403
Clay,MS,76.7705864014442
Clay,NC,62.2999999999971
Clay,NE,110.305741533668
Clay,SD,85.5863030636101
Clay,TX,52.2000000000006
Clay,WV,64.5662823390339
Cleburne,AL,63.5186004862576
Clayton,GA,56.4178012419103
Clayton,IA,64.5164313946953
Clear Creek,CO,69.4527719937525
Cleburne,AR,64.1307447542798
Clearfield,PA,109.199658685452
Hardeman,TN,63.5895079994848
Clearwater,ID,15.5439545371574
Jackson,OH,84.7952544091751
Clermont,OH,76.7445140839893
Cleveland,AR,65.8207110587379
Concho,TX,52.7904244482168
Concordia Parish,LA,52.4761213574039
Cleveland,NC,64.5064676437943
Cleveland,OK,51.341018321915
Jackson,OK,52.4209372644445
Clinch,GA,68.8324726477026
Clinton,IL,32.3582724383136
Clinton,IA,66.2031366654144
Clinton,IN,71.0994484160146
Clinton,MI,85.7177907954375
Clinton,MO,72.3144042568947
Coryell,TX,63.3000000000033
Clinton,NY,51.0113998413084
Clinton,OH,96.3091262399854
Gage,NE,74.7097045979934
Clinton,PA,69.7901577866499
Cloud,KS,123.328761651135
Coahoma,MS,72.8493496979762
Coal,OK,50.4544205248899
Flagler,FL,78.095407767495
Cobb,GA,60.5333266229224
Cochise,AZ,60.6999999999817
Cochran,TX,84.1845271072418
Flathead,MT,52.9340913381145
Cocke,TN,58.1997830564489
Coconino,AZ,62.0466753963844
Codington,SD,72.5870012016717
Coffee,GA,55.3980986596675
Coffey,KS,100.120619387521
Coke,TX,53.1834072759536
Gaines,TX,46.6769922020031
Coffee,TN,56.6789225431174
Fluvanna,VA,60.8533472374601
Colbert,AL,63.5032453382852
Cole,MO,66.3133251943155
Coleman,TX,52.8350611852068
Coles,IL,63.9709543780675
Galax City,VA,67.7000000000003
Colfax,NM,64.0845390852585
Colleton,SC,82.4743550736362
Collier,FL,78.1000000000224
Collin,TX,52.2000952680831
Collingsworth,TX,54.6970683406112
Colonial Heights City,VA,66.6999999999997
Colorado,TX,58.3158791589642
Colquitt,GA,96.5768638275514
Wabash,IN,70.1924987824622
Columbia,AR,64.9996583927844
Columbia,GA,57.5784228869898
Columbia,FL,72.6491968418251
Columbia,NY,62.6356398472502
Columbia,OR,40.5547655836947
Columbia,PA,69.199999999995
Columbia,WI,79.527584141771
Columbiana,OH,77.3320475503654
Columbus,NC,64.3984491869191
Marshall,IN,69.1735993034375
Colusa,CA,120.700000000004
Comal,TX,66.5036348451637
Comanche,KS,75.1365551425027
Conecuh,AL,71.4746173056264
Crisp,GA,56.3999999999977
Conejos,CO,80.7726479603899
Converse,WY,69.2000000000001
Garden,NE,76.4000000000006
Contra Costa,CA,120.69999999997
Conway,AR,65.6600907620913
Coos,OR,75.1607044397868
Cook,GA,82.2101416482647
Cook,IL,63.6999999999932
Cook,MN,72.7000000000009
Coosa,AL,78.9872018706142
Cooke,TX,52.1794590624136
Cooper,MO,66.9906643529924
Coos,NH,123.405488007666
Copiah,MS,63.7845392342446
Corson,SD,75.5000000000006
Coshocton,OH,82.3839841780666
Cotton,OK,47.4856563454577
Cottonwood,MN,71.2895486935893
Costilla,CO,75.7772620904841
Cottle,TX,53.7337078651687
Covington,AL,60.0525042458452
Covington,MS,70.1256531106916
Covington City,VA,66.7
Crook,OR,75.4444978409264
Coweta,GA,64.2164189861352
Cowley,KS,74.5078520769985
Cowlitz,WA,45.3000000000069
Craig,OK,43.7740345980739
Craig,VA,67.0022886204705
Craighead,AR,68.5768142655173
Crook,WY,67.625359810533
Crane,TX,52.2000000000004
Crawford,AR,34.1308257017941
Crosby,TX,47.277585451358
Craven,NC,65.4295986202241
Crawford,IL,66.764161256187
Crawford,GA,67.900456859419
Crawford,IA,73.9351065897763
Norton City,VA,66.7
Crawford,IN,75.0877801268468
Crawford,KS,74.2707049550793
Karnes,TX,54.3055192257378
Crawford,MI,80.9162159571105
Crawford,MO,67.1122737155447
Crawford,OH,89.317087817866
Crawford,PA,13.7375399419016
Crawford,WI,86.0606204452778
Creek,OK,50.5451999111745
Crenshaw,AL,83.0238189161258
Crittenden,AR,65.0058321913876
Cross,AR,109.121196853631
Crittenden,KY,52.0517012185475
Crowley,CO,95.8468101480006
Crockett,TN,52.0381015951803
Crow Wing,MN,98.1616381905385
Crockett,TX,56.0134837962963
Culberson,TX,63.1830007674598
Cullman,AL,58.4714517722403
Culpeper,VA,73.7565796299417
Tippah,MS,76.8141125260658
Cumberland,IL,72.2474616877801
Cumberland,KY,54.979297340217
Cumberland,ME,86.1027907899349
Cuming,NE,73.9172579597151
Tippecanoe,IN,70.7912645155861
Cumberland,NC,55.9428845394224
Dade,GA,56.3999999999973
Cumberland,NJ,108.77789721196
Dade,MO,79.0524240709306
Cumberland,PA,63.9994482542648
Jasper,IN,76.4191050439195
Cumberland,TN,63.1100055717686
Cumberland,VA,68.1589569536434
Currituck,NC,63.2443337760032
Curry,NM,58.4691046467682
Curry,OR,86.9000000000036
Kemper,MS,0.827803027070312
Kenai Peninsula Borough,AK,122.655126912439
Custer,CO,89.7077617413414
Custer,ID,57.4234221598871
Custer,MT,51.8601889853972
Custer,NE,116.696296296303
Custer,OK,41.1275608775381
Dakota,NE,136.000747663555
Custer,SD,75.9084984287469
Cuyahoga,OH,73.8899750225156
Daggett,UT,63.0999999999992
Dakota,MN,84.2940405690399
Dale,AL,71.7600658755375
Dallam,TX,45.6366097626033
Dallas,MO,76.5452513966463
Dallas,AL,65.2618078224249
Pike,OH,85.0991938729835
Dallas,AR,65.1375567110006
Dallas,IA,55.2164595842493
Dallas,TX,52.2767242664032
Danville City,VA,63.8526389920353
Dane,WI,76.8530082637952
Daniels,MT,77.6565304755528
Kinney,TX,60.5345088161211
Dare,NC,64.2424063551629
Lane,KS,115.505739863088
Darke,OH,89.1125719475246
Dauphin,PA,68.7317472275107
Lane,OR,60.6993282065925
Darlington,SC,63.2690707106373
Davis,IA,87.7599968010224
Davidson,NC,62.8259255296379
Dawson,GA,63.5417432220477
Davidson,TN,58.2000000000188
Decatur,KS,85.0229931423964
Davie,NC,59.9915821384428
Daviess,IN,74.6309154823154
Dawson,MT,51.1481097466699
Daviess,KY,81.7800637401405
Daviess,MO,66.2005934112657
Davis,UT,63.9938516783454
Davison,SD,68.2246502122289
Dawes,NE,117.200000000003
Dawson,NE,96.2309204556931
Dawson,TX,56.1162370449097
Day,SD,70.9147400085937
Deaf Smith,TX,48.8760168222163
Dearborn,IN,86.6451312874046
Debaca,NM,88.4613428943934
Decatur,GA,69.2334489174539
Decatur,TN,89.3283527834787
Dekalb,GA,56.6509097542302
Deer Lodge,MT,50.0271505768946
Defiance,OH,59.3467355595666
Dekalb,AL,67.0239372956509
Dekalb,IL,63.6999999999937
Dekalb,MO,66.0490295128101
Delaware,OK,50.4500394709079
Ford,IL,40.0939168755622
Dekalb,TN,58.1081731104503
Delaware,IA,65.9394642601367
Delaware,NY,56.496069011777
Delaware,OH,87.1638210931288
Delaware,PA,69.1999999999921
Denali Borough,AK,160.290987535956
Del Norte,CA,120.700000000004
Dent,MO,66.0572438162591
Delta,CO,81.4210693979652
Des Moines,IA,68.6808718158272
Delta,MI,81.2714594155628
Desoto,FL,78.1000000000128
Ford,KS,74.800175932439
Delta,TX,53.6870689655166
Denton,TX,52.2802123248485
Denver,CO,65.1000000000002
Deuel,SD,93.1167056986729
Dewey,OK,50.4923364322728
Deschutes,OR,75.4916514191107
Desha,AR,65.2033059795595
De Witt,IL,59.6811255627826
Dickens,TX,53.9313703284261
Desoto,MS,56.2285224697888
Dickinson,KS,89.6302393461751
De Soto Parish,LA,66.3015229450298
Deuel,NE,76.3999999999994
Dimmit,TX,54.7822145505688
Dewey,SD,75.4999999999985
Dewitt,TX,82.7998088068311
Dickenson,VA,67.6235861283964
Dickey,ND,73.8604578096958
Dickinson,IA,70.856865960933
Dickinson,MI,63.3071980297748
Divide,ND,74.9971302428267
Dickson,TN,74.2835857251512
Dixon,NE,133.450768591612
Dillingham Census Area,AK,155.600000000001
Dillon,SC,61.6892826643889
Dinwiddie,VA,71.3386603995327
District of Columbia,DC,89.6000000000011
Dixie,FL,88.2104009116357
Kiowa,CO,126.558453153671
Doddridge,WV,67.776117400946
Dodge,NE,69.1369639417393
Dodge,GA,70.2086976621338
Dodge,MN,78.7572994269318
Kiowa,KS,82.3388416988414
Dodge,WI,80.4879122451132
Dolores,CO,84.8255109765327
Dona Ana,NM,57.3000000000066
Dooly,GA,81.8742012448156
Langlade,WI,77.6157782516021
Doniphan,KS,74.4227519920302
Donley,TX,54.293042253521
Douglas,GA,56.4354714453324
Door,WI,78.4600978390589
Dorchester,MD,83.6176630814437
Dougherty,GA,55.9411288365008
Dorchester,SC,69.6586787665163
Douglas,CO,75.8953936517187
Douglas,IL,59.6921327247253
Douglas,KS,80.8370141569191
Douglas,MN,150.18519284366
Douglas,NV,58.5999999999994
Douglas,MO,69.5452611218542
Douglas,NE,61.6149099551359
Douglas,OR,77.2966169272822
Douglas,WI,71.7864926829513
Drew,AR,65.0188931530741
Dubois,IN,90.2146098400568
Dubuque,IA,67.3819237394454
Edmunds,SD,76.2425092478408
Duchesne,UT,63.1000000000024
Dukes,MA,131.100000000012
Dundy,NE,76.4000000000004
Dunklin,MO,78.6741684373113
Dunn,ND,72.0620419495555
Dunn,WI,76.0482997751801
Garfield,CO,67.5079960222467
Dupage,IL,63.981518121902
Garfield,MT,162
Duplin,NC,64.444728025336
Durham,NC,59.852570065715
Garfield,NE,83.3267780172411
Dutchess,NY,60.860305178146
Duval,FL,78.996145516952
Dyer,TN,25.3138968520414
Eaton,MI,86.4502218176555
Eagle,CO,69.7710265423755
Eau Claire,WI,76.9553850630366
Early,GA,88.4442567567571
Echols,GA,72.0563605442177
Ector,TX,52.2000000000033
East Baton Rouge Parish,LA,82.7967732156333
East Carroll Parish,LA,138.150090403049
East Feliciana Parish,LA,83.200000000005
Eastland,TX,51.9036034511897
Edgecombe,NC,68.4795678020797
Edgefield,SC,69.8560139165077
Edmonson,KY,55.2003652286437
Edwards,IL,81.5267511036803
Edwards,KS,94.0165505940195
Edwards,TX,60.5050133689838
Effingham,GA,57.4506575986411
Effingham,IL,86.9054071726619
Elbert,CO,85.4121410514034
Elk,PA,76.2778312241897
Forrest,MS,61.1057813672743
Elbert,GA,79.6815143374779
El Dorado,CA,120.662049863447
Elk,KS,125.850550964188
Elkhart,IN,65.8531572879597
Elko,NV,58.1474077777956
Emporia City,VA,70.7745104282756
Elliott,KY,63.0353514265847
Erath,TX,52.2000000000053
Erie,NY,61.5222586922891
Ellis,KS,91.8672567161485
Ellis,OK,52.0985790857522
Fairfax City,VA,66.7000000000004
Fairfield,CT,143.241369203578
Ellis,TX,52.2000000000084
Ellsworth,KS,179.219389110224
Foster,ND,82.1999999999991
Elmore,AL,70.4764493905772
Elmore,ID,65.1051704947908
Franklin,IA,67.2630292792795
El Paso,CO,74.7975796057129
El Paso,TX,57.0999999999783
Emanuel,GA,66.0350394944728
Emery,UT,63.1000000000023
Emmet,IA,77.2155633714388
Emmet,MI,88.896630263703
Emmons,ND,85.9214535561612
Erie,OH,71.8901962832925
Erie,PA,59.5964939164574
Forest,PA,69.5893761274245
Escambia,AL,67.7311860403839
Escambia,FL,76.914667016542
Esmeralda,NV,75.9221333563427
Fairfield,OH,82.1031849266127
Essex,MA,131.294545876402
Falls,TX,63.3000000000005
Falls Church City,VA,66.7
Essex,NJ,52.6183375181242
Franklin,KS,75.9628452628433
Essex,NY,56.7794030025057
Franklin,KY,75.3125491010118
Essex,VA,71.9178834930084
Franklin,NY,60.6466647635394
Essex,VT,105.316253513926
Estill,KY,66.0546162280701
Fannin,GA,48.1857232154032
Etowah,AL,63.4170492283197
Faulk,SD,72.2207982012355
Eureka,NV,59.3755608591884
Fayette,IL,117.735016530898
Evangeline Parish,LA,74.8945941525277
Evans,GA,60.5764292300605
Fairbanks North Star Borough,AK,160.299999999979
Fairfax,VA,66.700000000004
Fairfield,SC,66.3449706572725
Fallon,MT,49.7000000000013
Fall River,SD,77.95144061841
Fannin,TX,82.3894345746472
Faribault,MN,81.6085704031665
Fayette,IN,74.3968825353069
Faulkner,AR,62.6129486669653
Fayette,TN,56.3991310296794
Fauquier,VA,68.4793128579827
Fayette,AL,63.4862685587696
Fayette,GA,57.2745161786406
Fayette,IA,68.0196303512229
Fayette,TX,69.34601804629
Fayette,KY,61.2849866219747
Fayette,OH,99.5522192667081
Fillmore,MN,75.4118473771836
Fayette,PA,74.1691886486797
Fayette,WV,65.6777410967637
Fentress,TN,63.11000557178
Fergus,MT,115.795921240088
Fillmore,NE,83.9389623811499
Ferry,WA,61.2312244263163
Fleming,KY,56.9368285297763
Franklin City,VA,66.6999999999997
Franklin Parish,LA,126.195832358976
Florence,SC,61.8433466373203
Florence,WI,77.8978723404256
Forest,WI,77.4551381070855
Floyd,GA,56.3999999999988
Floyd,IA,60.9908919123232
Floyd,IN,71.1316017441834
Floyd,KY,68.0534541429016
Floyd,TX,50.9028722754124
Floyd,VA,67.7000000000047
Freeborn,MN,71.8463046431912
Foard,TX,54.0330935251791
Fond Du Lac,WI,79.7411678458479
Forsyth,GA,67.0202135374673
Forsyth,NC,59.8287331114367
Fort Bend,TX,52.1999999999615
Fountain,IN,72.8248951901799
Franklin,AL,63.2684323112479
Franklin,ID,65.8000000000002
Franklin,AR,46.8454148972068
Franklin,IL,64.5294306245042
Franklin,FL,75.7000000000012
Franklin,GA,75.6367936997499
Franklin,MA,126.51034954353
Franklin,NC,62.5995501736318
Franklin,ME,86.1760703456542
Franklin,NE,80.0279360124851
Lanier,GA,56.4000000000003
Franklin,MO,66.2261611738583
Franklin,MS,65.1141166231515
La Paz,AZ,60.6999999999969
Franklin,OH,90.4434608951198
Franklin,PA,71.4434285106874
Franklin,TN,52.2147254704371
Franklin,TX,49.4334023848269
Franklin,VA,67.7000000000041
Franklin,VT,101.921711841818
Franklin,WA,58.5602457135664
Frederick,MD,91.037642920835
Prowers,CO,88.3419213973771
Frederick,VA,78.1204605273776
Fredericksburg City,VA,66.7000000000003
Freestone,TX,52.5743941984528
Frontier,NE,94.9174833887056
Fremont,CO,90.1715992645916
Fremont,IA,53.3704934712563
Fremont,ID,65.7999999999965
Fremont,WY,71.6848721989725
Fresno,CA,120.661480919507
Frio,TX,55.7799712437098
Fulton,AR,65.2621605985808
Fulton,IL,63.7000000000029
Fulton,IN,68.7815634801791
Fulton,GA,57.4961561382047
Fulton,KY,44.6861277929656
Fulton,NY,60.3999999999958
Fulton,OH,50.3215385966948
Fulton,PA,75.0514845313171
Furnas,NE,123.481936103774
Gadsden,FL,68.232268300362
Gallatin,IL,70.4421972744896
Gallatin,KY,57.9600059119153
Garfield,OK,51.2495727370163
Gallatin,MT,50.4471805562369
Gallia,OH,82.0240592202371
Garfield,WA,46.6770127118645
Kit Carson,CO,85.8726305119091
Galveston,TX,52.1761645235436
Garfield,UT,63.0999999999988
Garland,AR,65.0000000000026
Garrard,KY,66.4375945683808
Garrett,MD,90.8527780728778
Garvin,OK,48.7560336755705
Gasconade,MO,51.560314660254
Gaston,NC,63.3793276633234
Gates,NC,62.5891335227249
Geary,KS,89.2740422282725
Geauga,OH,63.63657911434
Gem,ID,65.1
Genesee,MI,76.8999999999734
Genesee,NY,60.3999999999881
Geneva,AL,62.2329977848959
Gentry,MO,67.7466463959921
George,MS,78.4635841398768
Georgetown,SC,66.5650502661148
Gibson,IN,73.1220732475409
Gladwin,MI,76.900000000007
Gibson,TN,63.4173900644003
Gila,AZ,61.0758026159399
Glades,FL,78.0999999999989
Gilchrist,FL,59.4807899297654
Gilmer,GA,56.3271989673636
Giles,TN,65.9253099233328
Giles,VA,67.6966374149081
Gilliam,OR,63.4082684824914
Gilmer,WV,68.0000000000006
Gilpin,CO,71.5769209469775
Glacier,MT,73.9596985185936
Pueblo,CO,88.1360933687048
Glascock,GA,84.9987160493825
Glasscock,TX,52.8674516400329
Glenn,CA,120.700000000005
Gloucester,NJ,88.5516096994656
Grant,AR,65.2945577768808
Gloucester,VA,66.7000000000025
Goochland,VA,66.4670116812067
Glynn,GA,57.8736223528144
Gosper,NE,127.708770668584
Gogebic,MI,70.4000000000059
Golden Valley,MT,123.219928385367
Golden Valley,ND,76.4952380952388
Goliad,TX,62.0527761877519
Gonzales,TX,52.6864667842458
Grant,IN,52.9353124850078
Goodhue,MN,76.873315780443
Gove,KS,103.799455139848
Gooding,ID,65.100000000001
Gordon,GA,59.5094163623264
Goshen,WY,119.36497844827
Grady,OK,44.3633780637626
Grafton,NH,133.186003702521
Graham,AZ,87.201954739942
Graham,KS,87.4619484491047
Graham,NC,59.8000000000013
Grainger,TN,54.3992865935508
Grand,CO,93.20781121032
Grand,UT,63.0999999999993
Grant,KS,81.0999999999986
Grand Forks,ND,82.0230504898801
Lawrence,IN,73.6943916264293
Grand Isle,VT,106.700000000004
Grant,KY,55.5399817508436
Grant,MN,129.954879802751
Grant,ND,79.4975778546709
Grant,NE,76.3999999999997
Grand Traverse,MI,31.0067469942141
Grant,SD,87.0334300549783
Granite,MT,50.7948023210301
Grant,NM,53.6488346372837
Grant,OK,53.1136173470963
Granville,NC,62.2414181331575
Grant,OR,55.8092189673877
Grant,WA,35.3602629363459
Gratiot,MI,71.6292451745546
Grant,WI,87.1099814134594
Putnam,IL,59.1378714440947
Grant,WV,67.9999999999992
Graves,KY,72.5988957325525
Grant Parish,LA,71.8208113117425
Grays Harbor,WA,59.021403593585
Grayson,KY,57.6067092743936
Griggs,ND,82.1999999999992
Grayson,TX,52.1989992810844
Green,KY,48.7291086926568
Grayson,VA,67.6969901244709
Greeley,KS,73.9999999999998
Greeley,NE,94.3243346007615
Guadalupe,NM,91.5709915014158
Green,WI,78.5929032725847
Greene,AR,71.4896340848517
Greenbrier,WV,67.4892738721329
Greene,AL,73.4768302493981
Guernsey,OH,93.9342558505418
Greene,GA,64.595427990855
Greene,IA,68.5478465930253
Greene,OH,97.2239954368727
Greene,IL,34.1788461538457
Greene,IN,81.2507669513693
Hamilton,IA,74.0062718486509
Greene,MO,71.6734093257507
Greene,MS,81.9325972660382
Hamilton,IL,75.4212184787453
Greene,NC,65.4051870233536
Greene,NY,60.8739171322592
Jewell,KS,197.710826319817
Greene,PA,75.1000000000058
Greene,VA,78.7558139534914
Greene,TN,63.2098532938562
Green Lake,WI,80.7980959172444
Greenlee,AZ,31.2823503751128
Greensville,VA,69.2243555555606
Greenup,KY,66.1188362761167
Greenville,SC,53.3800760160155
Greenwood,KS,81.7038734536594
Greenwood,SC,34.5556836275287
Gregory,SD,105.039670070697
Greer,OK,44.6182971417041
Gregg,TX,52.111983060314
Grimes,TX,48.0326762794979
Grundy,IA,62.0041478356947
Grundy,IL,63.7000000000076
Grundy,MO,87.6156635888312
Grundy,TN,72.0617013981665
Guadalupe,TX,56.9345646281336
Jim Hogg,TX,56.7084085315843
Guilford,NC,62.4612583191825
Hamilton,IN,71.2879810567352
Gulf,FL,76.8628445828336
Gunnison,CO,72.9577254548518
Guthrie,IA,61.4766992578637
Gwinnett,GA,65.2190897117591
Hamilton,KS,75.0826645264851
Hamilton,NE,81.8628783991768
Haakon,SD,75.4999999999986
Habersham,GA,56.4000000000042
Hamilton,NY,61.425188199389
Wayne,IN,82.9571116681429
Haines Borough,AK,155.6
Hale,AL,67.6069740987041
Hale,TX,45.639082852367
Halifax,NC,59.2273936779506
Halifax,VA,68.1280559156412
Harper,OK,56.0990783410146
Hall,GA,61.1092064465908
Hall,NE,79.3555489874482
Hall,TX,59.4207799600849
Hamblen,TN,56.9936234386461
Hancock,WV,68.0000000000001
Hamilton,FL,68.4002417838244
Hamilton,OH,76.9060020878106
Hancock,KY,37.304842481775
Hancock,ME,89.5217047414682
Hamilton,TN,58.2187863562792
Hamilton,TX,63.2999999999977
Hamlin,SD,114.221845574389
Hampden,MA,124.565273180511
Hancock,MS,59.9303907443266
Hampshire,MA,126.253137631045
Hancock,OH,86.7241095436564
Morgan,OH,88.4486066518618
Hampshire,WV,68.0000000000052
Hancock,TN,75.8141875366113
Hampton,SC,71.8577482605967
Hampton City,VA,66.7
Hancock,GA,68.4935838496906
Hancock,IA,66.6755734369185
Medina,OH,75.1542391910204
Hancock,IL,63.4534736643409
Hancock,IN,92.5324015317018
Hand,SD,77.4056573957
Hanover,VA,68.3515779942679
Hardeman,TX,53.6037682786154
Hardin,IA,68.3678098559692
Hardin,IL,79.633926576517
Hardin,KY,59.5135373727235
Hardin,OH,90.4132560026191
Hardin,TN,80.7175470137459
Hardy,WV,68.0000000000041
Harford,MD,108.697526372272
Hardin,TX,47.6999999999957
Harmon,OK,41.9411618257258
Harding,NM,70.4105100463674
Harding,SD,75.4999999999996
Harlan,KY,62.4472145925397
Harlan,NE,161.192509803923
Harnett,NC,64.8122228480386
Harney,OR,56.2277160384807
Harper,KS,76.5086222881529
Harris,GA,59.7081266747897
Harris,TX,52.2000000000102
Harrison,MS,55.0544223042044
Harrison,IA,56.3822774440196
Harrison,OH,86.0471428509162
Wilson,TX,54.6536502423858
Harrison,IN,78.0786488877193
Haskell,TX,53.7102765321387
Harrison,KY,60.7249112192568
Harrison,MO,82.8236105738225
Harrison,TX,53.9838450507883
Platte,WY,72.4470353477756
Harrison,WV,67.7759799653424
Harrisonburg City,VA,68.6908118490312
Hayes,NE,78.3783308931187
Hart,GA,74.3015820584166
Hart,KY,68.276650609101
Hartford,CT,144.200000000042
Hartley,TX,43.4818956557889
Hays,TX,76.4613400421966
Harvey,KS,73.3633925198313
Haskell,KS,75.7750716332372
Haskell,OK,48.0861527336011
Hawaii,HI,242.800000000056
Hot Springs,WY,70.2114998776598
Hawkins,TN,58.9867687630952
Houston,TN,58.1999999999986
Haywood,NC,51.3941388022327
Winchester City,VA,77.2272620621589
Haywood,TN,40.7238064825994
Heard,GA,58.6533834586471
Hemphill,TX,71.1891443732048
Henderson,IL,63.700000000002
Hempstead,AR,78.513338216108
Henderson,KY,44.4376086208833
Henderson,TN,49.0406159871657
Henderson,NC,59.800000000005
Kosciusko,IN,75.8944757762712
Henderson,TX,52.199999999999
Hendricks,IN,73.3594668991777
Hendry,FL,109.42120683761
Henry,IL,63.1066591308245
Hennepin,MN,77.5545677836892
Henry,IN,72.4258349639727
Henrico,VA,66.7000000000016
Henry,AL,72.0877620349645
Henry,KY,62.400794217384
Henry,GA,58.9580618987711
Henry,IA,75.016894266784
Henry,MO,66.9742560839088
Henry,OH,68.4373095491565
Henry,TN,64.0725053281561
Henry,VA,67.682877892343
Hernando,FL,80.437176208124
Herkimer,NY,60.7035113151391
Hidalgo,NM,73.2697528278201
Hertford,NC,62.2999999999952
Hettinger,ND,70.2689655172426
Hickman,KY,57.887878334925
Hickman,TN,63.7602523755257
Hickory,MO,75.2978877153979
Hidalgo,TX,55.9171204808739
Highland,OH,87.1197854653135
Highland,VA,73.4705601907033
Hill,TX,50.9946476170147
Highlands,FL,104.567739783169
Hill,MT,47.778877263148
Hillsborough,FL,83.498163152432
Hodgeman,KS,86.6373957665174
Hillsborough,NH,123.908642443688
Hillsdale,MI,78.0787549909462
Hinds,MS,53.7249229676087
Hood,TX,55.5575815123642
Hinsdale,CO,82.3882802547773
Hitchcock,NE,81.6621706118814
Hocking,OH,84.8000050868721
Hockley,TX,47.1153118499059
Hoke,NC,59.436799464435
Holmes,FL,4.78221134337799
Holmes,MS,58.753101850141
Holmes,OH,87.4627624994386
Holt,MO,66.8355175930641
Holt,NE,114.586613512376
Hood River,OR,61.4905626650435
Hooker,NE,107.705481283422
Honolulu,HI,192.901315545397
Hopkins,KY,54.6816386247183
Hopkins,TX,52.2320234665221
Hot Spring,AR,64.9985899353676
Horry,SC,86.3303182150929
Houghton,MI,66.1195359990979
Howard,MO,69.7468827172931
Houston,AL,66.318097343433
Howard,NE,104.930815774242
Howard,TX,52.2000000000011
Houston,GA,78.6275296102244
Houston,MN,74.511079067528
Houston,TX,53.7389537071883
Howard,AR,58.8867831615458
Howard,IA,70.3874445893089
Howard,IN,70.1989815273587
Howard,MD,110.010481387107
Hutchinson,TX,42.9085440497692
Kossuth,IA,65.3246593441307
Howell,MO,81.810506795091
Hubbard,MN,99.7969990522248
Jim Wells,TX,52.2000000000022
Hudson,NJ,49.8059496196564
Monroe,KY,54.9000000000033
Hudspeth,TX,71.5390876565303
Huerfano,CO,75.0606468794133
Hughes,OK,53.2474126638653
Hughes,SD,83.7043278301866
Humboldt,CA,120.699999999973
Humboldt,IA,53.8946184328264
Humboldt,NV,58.6000000000074
Humphreys,MS,87.5783738589752
Ingham,MI,94.6550049207642
Humphreys,TN,58.1999999999967
Hunt,TX,52.4377365563738
Inyo,CA,101.571207031696
Hunterdon,NJ,100.895406588676
Ionia,MI,82.7087107207885
Huntingdon,PA,26.7582969752792
Huntington,IN,69.8148866561021
Irion,TX,57.4307585629824
Randolph,GA,56.4947669226643
Huron,MI,65.5716149267556
Huron,OH,74.0464193809925
Hutchinson,SD,69.109302701828
Hyde,NC,112.600000000002
Hyde,SD,73.071550255537
Iberia Parish,LA,74.2649541675424
Iron,MO,64.8143930619011
Iberville Parish,LA,58.3411906809158
Ida,IA,66.9725212464567
Idaho,ID,65.7704067615976
Iron,UT,63.5692299969862
Imperial,CA,120.691072503439
Itawamba,MS,67.0554010858264
Independence,AR,64.5322819317595
Johnson,GA,59.2515569643853
Indiana,PA,52.5465198933242
Indian River,FL,85.5588532195487
Johnson,NE,65.1527374586193
Iosco,MI,76.9000000000034
Iowa,IA,68.1030857002626
Jones,GA,55.9827438647161
Iowa,WI,79.614575359945
Iredell,NC,52.3310832994627
Iron,MI,70.6103800399995
Jones,IA,66.8672067074387
Iron,WI,76.099230929121
Iroquois,IL,40.6486795210204
Irwin,GA,56.470607689129
Isabella,MI,80.1674106447461
Isanti,MN,76.0820793433639
Island,WA,47.5858571179439
Isle of Wight,VA,82.5947746637843
Jackson,KS,74.9616486578889
Issaquena,MS,134.053475935829
Jones,MS,59.1285435009071
Itasca,MN,82.8452761925126
Izard,AR,65.1366074359701
Jack,TX,51.3140573115242
Jackson,OR,76.2595127563582
Jackson,AL,70.0884519732374
Jackson Parish,LA,51.8632751923613
Jackson,AR,42.053767199539
Jackson,CO,93.6000000000004
Jasper,IA,67.4343298893481
Jackson,FL,4.44678281823082
Jackson,KY,69.8732571725335
Jackson,GA,61.4084477296672
Jackson,IA,62.6654554960154
Jackson,IL,58.3909780180173
Jackson,MI,77.3017660463711
Jackson,IN,73.0558596347564
Jackson,MN,81.4085625996811
Jackson,MO,77.3148402620471
Jackson,MS,76.8844047330742
Jackson,NC,57.5771676040414
Jackson,SD,77.2315285297796
Jasper,IL,78.3310383830757
Jackson,TN,67.0906838164516
Jackson,TX,52.200000000003
Jackson,WI,77.4969763876081
Jackson,WV,64.8766267776136
James City,VA,66.7000000000049
Jasper,GA,60.4099794638584
Jasper,MO,79.2704501774034
Jasper,MS,69.7108831266472
Jasper,SC,73.181662735853
Jasper,TX,66.6081310666605
Jay,IN,73.2134821642472
Jeff Davis,GA,55.1055998481388
Jeff Davis,TX,61.966233766233
Jefferson,ID,65.799999999996
Jefferson,AL,63.3650516131678
Jefferson,AR,64.9897795457375
Jefferson,CO,65.6279162673889
Jefferson,IL,68.1314058837218
Jefferson,FL,79.0707462899441
Jefferson,IN,74.0533017527213
Jefferson,GA,67.3297630091905
Jefferson,IA,74.6055745164986
Kalamazoo,MI,72.3972008794671
Jefferson,KS,78.6288212334093
Jefferson,KY,66.8993318598701
Jefferson,MO,65.7096251034367
Kalawao,HI,207
Jefferson,MS,79.4690896133969
Jefferson,MT,60.8530545997652
Jefferson,NE,73.9348983681676
Jerome,ID,65.099999999995
Jefferson,NY,60.399999999979
Jefferson,OH,88.203147962426
Jefferson,OK,46.491544831691
Jefferson,WI,81.7330657993511
Jefferson,OR,74.729692897071
Jefferson,PA,111.392415890001
Jefferson,TN,52.8480251778303
Ransom,ND,81.2968113162326
Jefferson,TX,47.6999999999952
Labette,KS,78.833662965536
Jefferson,WA,45.4434342938489
Jennings,IN,72.6740559880085
Jefferson,WV,68.0000000000019
Jefferson Davis,MS,71.7908165893888
Jefferson Davis Parish,LA,22.1895337046635
Jerauld,SD,76.9242137173166
Jefferson Parish,LA,48.8599400024493
Jenkins,GA,81.0649900199591
Jersey,IL,38.3269332839593
Jessamine,KY,63.2793147861895
Jo Daviess,IL,72.8527410327757
Johnson,AR,52.5563226515168
Johnson,IA,60.5015653697489
Johnson,IL,74.1426407790118
Johnson,IN,69.523264414661
Johnson,KS,74.872270441804
Johnson,WY,68.8330651282817
Johnson,KY,68.3011349172722
Johnson,MO,66.7849567325792
Johnson,TN,58.2000000000046
Johnson,TX,52.3540027182025
Johnston,NC,63.9931611636684
Johnston,OK,53.2395447448424
Jones,NC,65.6285958253921
Jones,SD,75.5000000000005
Jones,TX,53.9627713692062
Kalkaska,MI,49.1449002106309
Josephine,OR,76.7184660058359
Juab,UT,63.0999999999982
Judith Basin,MT,112.271005988693
Kanabec,MN,74.2756327867193
Kanawha,WV,65.7000000000152
Juneau,WI,79.9722038204169
Kankakee,IL,63.6999999999931
Juneau Borough,AK,104.200000000004
Juniata,PA,61.5067169424038
Kandiyohi,MN,88.9327838827707
Kane,IL,69.7577678709973
Kane,UT,63.1000000000017
Kauai,HI,297.697478420441
Kaufman,TX,52.1999999999997
Kay,OK,41.668490208096
Kearney,NE,79.9366545159984
Kearny,KS,74.1978005865096
Keith,NE,125.225347758884
Kendall,IL,63.6994472595251
Kendall,TX,71.4129727698279
Kent,MI,76.9555544436541
Kenedy,TX,59.6113798008532
Kent,RI,151.899999999986
Kennebec,ME,86.0999999999855
Kenosha,WI,82.4599508222217
Kent,TX,62.7119753086422
Kent,DE,82.4072171275313
Kenton,KY,54.9000000000089
Kent,MD,81.3837505954599
Keokuk,IA,66.6912031228215
Kern,CA,114.442846233865
Kerr,TX,62.3065522280629
Kimble,TX,57.9535141117881
King,TX,67.3580736543911
King,WA,55.1495208160593
Kershaw,SC,77.6918171216377
Linn,KS,74.5295006871267
Ketchikan Gateway Borough,AK,89.045367847411
Kewaunee,WI,79.6957396664273
Kingfisher,OK,49.9316633700475
Keweenaw,MI,17.804034559421
King George,VA,66.7000000000034
Keya Paha,NE,161.248754448399
Kidder,ND,88.8821204516939
Kimball,NE,76.3999999999993
Kingman,KS,99.3698393077868
King & Queen,VA,72.7367679222358
Kings,CA,110.034577192067
Kings,NY,60.4000000000015
Kingsbury,SD,75.0893136597361
King William,VA,71.3091283459182
Kiowa,OK,42.9535100742243
Kitsap,WA,45.3000000000083
Kittitas,WA,44.7847096630323
Lamar,MS,75.3855189058684
Kittson,MN,72.6999999999999
Lamoille,VT,116.852810446576
Klamath,OR,76.4982265435356
Lamoure,ND,75.496640671865
Kleberg,TX,52.2000000000042
Klickitat,WA,60.1000000000026
Knott,KY,66.6863434589671
Knox,IL,63.3007274737134
Knox,IN,87.7364687740983
Knox,KY,73.5233567383897
Knox,ME,86.2260538116555
Knox,MO,66.3324607329857
Knox,NE,135.486990615759
Knox,OH,89.0494142183061
Knox,TN,58.2000000000064
Live Oak,TX,54.473887859129
Knox,TX,52.2000000000008
Kodiak Island Borough,AK,158.063700638043
Lackawanna,PA,69.2000000000171
Koochiching,MN,67.1633281673763
Kootenai,ID,11.1116312576065
Laclede,MO,86.6123548046536
Lafayette,WI,87.5981126610192
Lac Qui Parle,MN,70.8918948015993
Lake,IN,68.2333397563624
La Crosse,WI,76.0928785848256
Lake,MI,81.0443778572504
Lafayette,AR,64.8409483640039
Lake,OR,72.7095877122068
Lafayette,FL,63.4771909682338
Lake,SD,85.9410519504542
Lampasas,TX,52.2000000000033
Lafayette,MO,70.6284655448721
Lafayette,MS,59.1778237553261
Lafayette Parish,LA,0.742537072134761
Lafourche Parish,LA,47.2868375990975
Lagrange,IN,83.3308402077341
Lake,CA,120.699999999991
Lake,CO,65.1964141968531
Lake,TN,52.9658289720654
Lake,FL,77.8190312630574
Lake,IL,63.6999999999846
Livingston,IL,59.1649901641469
Lake,MN,73.9325979300473
Lake,MT,50.1778745644631
Lake,OH,65.8852531188648
Lake of The Woods,MN,72.699999999998
Lake & Peninsula Borough,AK,155.599999999998
Lamar,AL,61.2614456913408
Lamar,GA,62.0292974207849
Lamar,TX,52.5934882031145
Lamb,TX,50.6054585152827
Lancaster,NE,74.4698603889448
Lancaster,PA,69.2687756198362
Lancaster,VA,66.7000000000001
Los Alamos,NM,54.600000000005
Los Angeles,CA,112.956046212042
Lancaster,SC,54.4034979526812
Lander,NV,58.5999999999988
Lapeer,MI,65.400544430248
La Plata,CO,63.599999999976
Laporte,IN,68.2506178418375
Laramie,WY,73.0468049501406
La Salle,IL,63.3576189966609
Larimer,CO,67.5504365081161
La Salle,TX,55.8613152440163
Larue,KY,58.9187529976035
Lauderdale,MS,58.9500386408745
Lauderdale,TN,15.8894474541807
Laurel,KY,65.3105572806048
La Salle Parish,LA,73.2012837918654
Las Animas,CO,73.0219535394826
Lassen,CA,119.622177858428
Latah,ID,2.09296747098727
Latimer,OK,45.9202907247978
Lauderdale,AL,60.7999999999976
Laurens,GA,70.4336002174631
Lavaca,TX,61.5815496098113
Lawrence,AL,50.7932981738346
Laurens,SC,62.3013327870103
Lawrence,AR,79.4608321949534
Lawrence,IL,89.8962822597986
Lawrence,KY,66.5014873619877
Lawrence,MO,81.5271154582465
Lawrence,MS,70.6131221223426
Lyon,MN,74.7992577415259
Lawrence,OH,84.3090961191979
Lawrence,PA,50.166700100298
Lawrence,SD,83.8088758968908
Lawrence,TN,81.330066751218
Lea,NM,57.713936261278
Leake,MS,61.9470521677822
Leavenworth,KS,80.8049207174825
Lebanon,PA,80.0193860055282
Lee,AL,64.8798312526283
Lee,GA,64.5288005186968
Lee,AR,78.3877706715677
Lee,IL,63.6999999999944
Lee,FL,78.1000000000044
Lee,KY,68.7089949016749
Lee,IA,70.2602294521688
Logan,ND,93.7817413905142
Lee,MS,61.054276013081
Lee,NC,64.9204654218336
Logan,NE,146.3
Lee,SC,62.7979172756543
Lee,TX,61.0542864549969
Lee,VA,66.7000000000034
Lenawee,MI,76.4523197619473
Leelanau,MI,21.3571464793693
Lenoir,NC,66.3469024752243
Leflore,MS,79.8544838671203
Lewis,MO,66.0864147444078
Le Flore,OK,49.766338238127
Lehigh,PA,69.4225024067805
Lemhi,ID,64.7593137847419
Leon,FL,86.3000000000117
Lewis,NY,60.4000000000053
Logan,OH,91.6384580718732
Leon,TX,33.8949928542918
Leslie,KY,67.2133839392752
Madison,AR,62.0713410672836
Le Sueur,MN,75.7511839134728
Lincoln,CO,86.7555077284283
Letcher,KY,67.1142874208619
Levy,FL,97.3768205310986
Lincoln,MN,94.2123076923062
Lewis,ID,38.8741071374783
Lincoln,NV,58.5935770678375
Lewis,KY,54.6687542857135
Lewis,TN,58.2000000000018
Lewis,WV,67.7759799653375
Lewis & Clark,MT,61.6828311229996
Lewis,WA,58.5210008554111
Liberty,MT,45.9370541366628
Lexington,SC,71.058835904644
Lexington City,VA,66.7000000000002
Liberty,FL,54.2563199447071
Liberty,GA,63.6866570388037
Liberty,TX,48.3001373540788
Licking,OH,86.7419323178936
Lincoln,WI,77.394968131496
Limestone,AL,63.0087467753908
Limestone,TX,52.1999999999957
Lincoln,AR,65.7338506214287
Lincoln,GA,65.3697497279649
Lincoln,ID,65.1130688448074
Lincoln,KS,207.328723404253
Lincoln,KY,67.6480007652578
Lincoln,ME,86.1056244713801
Lincoln,MO,66.6385749819489
Lincoln,MS,67.1149758626866
Lincoln,MT,61.8176506390708
Lincoln,NC,58.8118965953648
Lincoln,NE,99.9158074483579
Lincoln,NM,55.5258847713816
Lincoln,OK,48.5244573524437
Lincoln,OR,62.954611514806
Madison,MO,63.0914550395318
Lincoln,SD,75.6056169220297
Lincoln,WY,69.2000000000053
Lincoln,TN,57.8435692832896
Lincoln Parish,LA,51.9359734794664
Linn,IA,70.5004409766138
Lincoln,WA,60.3914512607069
Lincoln,WV,65.6999999999976
Linn,MO,66.1355204235082
Linn,OR,76.7814809498025
Lipscomb,TX,49.4547500827548
Litchfield,CT,144.199999999929
Little River,AR,57.6518897813278
Livingston,KY,100.578208729452
Llano,TX,54.3337026447441
Livingston,MI,65.9670928066622
Livingston,MO,80.2101814792157
Livingston,NY,66.377272556168
Logan,KS,91.2517830045504
Logan,KY,59.0033621354842
Livingston Parish,LA,83.190851162823
Logan,AR,49.8836314493753
Logan,CO,106.718211115809
Logan,IL,64.4445838402618
Logan,OK,49.9752120796438
Long,GA,73.1960730785388
Logan,WV,65.6999999999978
Lonoke,AR,64.2379186654088
Lorain,OH,71.9232994238051
Loudon,TN,60.8645085494606
Madison,NE,109.374106502509
Loudoun,VA,66.6999999999811
Louisa,IA,66.3919136126375
Louisa,VA,70.2982779388722
Loup,NE,146.820689655173
Madison,OH,75.6416820982121
Love,OK,51.5695967660925
Loving,TX,52.1999999999999
Lowndes,AL,64.7395376367405
Lowndes,MS,69.6196781881058
Lowndes,GA,64.0291341290172
Lubbock,TX,50.7426973951491
Lucas,IA,72.575056561087
Lucas,OH,49.5185117458991
Luce,MI,77.4315631262517
Lynn,TX,67.2495110544221
Lumpkin,GA,57.1381515424228
Luna,NM,65.2447747702571
Lyon,IA,73.9259183818147
Lunenburg,VA,71.1088012504551
Lyon,KS,83.3448894855175
Luzerne,PA,74.3479074709572
Lyon,KY,57.7771453380549
Lycoming,PA,69.1918010722395
Lyman,SD,76.7168604651173
Lynchburg City,VA,67.7000000000016
Lyon,NV,58.6000000000111
Macon,AL,94.9421922391737
Mackinac,MI,80.2858763623399
Macomb,MI,66.0840447222942
Madison,TN,39.7568245342174
Macon,GA,64.7137280846846
Macon,IL,63.7867982514626
Mahnomen,MN,76.5129625319985
Macon,MO,79.7437505082567
Macoupin,IL,61.8443050322574
Madera,CA,120.699752753646
Macon,NC,58.5021917876594
Macon,TN,58.2000000000031
Madison,AL,60.1824241659605
Russell,KY,73.2024499441328
Madison,FL,78.4860725032196
Mahoning,OH,71.999979204437
Madison,GA,63.4401434262947
Madison,IA,67.2207311342922
Madison,ID,65.799999999996
Major,OK,45.8305633999503
Madison,IL,76.8416621296399
Madison,IN,71.4899716104375
Madison,KY,63.0665026168867
Madison,MS,55.5947619596388
Madison,MT,52.1910166754099
Madison,NC,65.1366342653568
Madison,NY,55.0941182341353
Madison,TX,48.0326762795027
Manatee,FL,84.8056231062057
Madison,VA,78.1772142387486
Marion,IL,67.0823946723172
Madison Parish,LA,52.5037326473929
Mariposa,CA,120.708974011921
Magoffin,KY,70.9545466188518
Mahaska,IA,53.1187475925804
Malheur,OR,61.617264221246
Manassas City,VA,63.4481127982641
Manassas Park City,VA,62.9756211180124
Manistee,MI,35.9748764648418
Manitowoc,WI,77.5542046358104
Saint James Parish,LA,47.851251498188
Marathon,WI,77.2739577120832
Maries,MO,65.8350710899027
Marengo,AL,68.2992946283257
Maricopa,AZ,54.9240093318832
Marion,GA,73.7157603686631
Marin,CA,120.699999999989
Marinette,WI,77.984176605065
Marion,AL,62.0494397939414
Marion,AR,65.0117240166818
Marion,IA,68.2968075422597
Martin,IN,71.0701584057249
Marion,FL,78.3278890529202
Marion,IN,84.1963438365241
Marion,KS,106.264143227611
Marion,KY,66.7495447742594
Marion,MO,64.657365076371
Marion,MS,72.2832278793888
Marion,OH,75.5565662783738
Marion,OR,41.6241449133584
Marion,SC,62.33301025956
Marion,TN,72.4156774016622
Marion,TX,59.621737144778
Marion,WV,67.7787769908009
Marlboro,SC,63.7743877885481
Marshall,IL,63.5958646948718
Marquette,MI,82.888442461425
Marquette,WI,91.5795157465006
Marshall,AL,62.3181902643611
Marshall,IA,70.5454722136126
Martinsville City,VA,78.7936798129599
Marshall,KS,119.116464210424
Marshall,KY,77.4300724990016
Marshall,MS,69.7167645661459
Marshall,MN,72.6999999999986
Martin,FL,78.0999999999997
Marshall,OK,51.0995634895826
Marshall,SD,76.4979463776355
Marshall,TN,52.14729490083
Marshall,WV,65.7000000000024
Martin,KY,66.7814458086303
Martin,MN,68.7831232493004
Martin,NC,62.4041885918777
Martin,TX,52.9071129707115
Mason,IL,81.8369634667706
Mason,KY,59.8589809325446
Mason,MI,80.9500711695947
Mason,TX,52.1999999999989
Massac,IL,60.0627294187504
Mason,WA,64.2037342117641
Mason,WV,65.7000000000027
Matagorda,TX,52.262953020136
Mcdonough,IL,63.7000000000022
Matanuska Susitna Borough,AK,155.600000000028
Mathews,VA,66.6999999999995
Mcnairy,TN,84.1140774936212
Maui,HI,250.499999999973
Maury,TN,53.5501506455462
Mcpherson,KS,83.5667096077163
Maverick,TX,53.0129378990685
Mayes,OK,43.4142288442554
Mcpherson,NE,140.776566757493
Mcpherson,SD,75.4999999999984
Mcclain,OK,51.1653115907373
Meade,KS,74.0021626935371
Mccone,MT,143.304822043629
Mccook,SD,75.4626865671651
Mccormick,SC,61.1506271951841
Mccracken,KY,95.5379472285899
Mccreary,KY,74.3426929673117
Mcculloch,TX,52.1999999999998
Mccurtain,OK,43.9444574512813
Mcdonald,MO,72.9183098591516
Mcdowell,NC,63.1307814370604
Mcdowell,WV,65.7000000000034
Mclean,KY,47.6843745340678
Mcduffie,GA,64.3231726283064
Mclennan,TX,63.299999999994
Mchenry,IL,63.7000000000057
Mchenry,ND,81.1835443037961
Mcleod,MN,81.6856023602672
Mcintosh,GA,60.0333333333347
Mcintosh,ND,106.714943566593
Mcintosh,OK,51.3132170152446
Mc Kean,PA,70.1203011757252
Mower,MN,76.5196492074035
Mckenzie,ND,69.0420695230409
Mckinley,NM,66.5867484004887
Mclean,IL,62.7936557155639
Mclean,ND,78.6574468085095
Mcminn,TN,57.251030891515
Mc Mullen,TX,57.8160363086234
Sherman,NE,111.175448644519
Meade,KY,60.3851212881646
Mecklenburg,VA,69.5448113593509
Sherman,OR,78.5940236686394
Meade,SD,83.3316546762589
Meagher,MT,54.0055944055944
Sherman,TX,43.8817580707899
Mecklenburg,NC,59.6772810360066
Mecosta,MI,83.857249169588
Medina,TX,60.0039812792537
Meeker,MN,83.5967209261366
Miami,IN,89.5468352513657
Meigs,OH,85.5652701531327
Menard,IL,69.9110327284392
Meigs,TN,63.1100055717754
Mellette,SD,118.729836995039
Menard,TX,53.7097178683388
Mendocino,CA,120.69999999997
Menominee,WI,79.697862965412
Menifee,KY,83.8363778298196
Mercer,IL,63.699999999997
Stephens,GA,64.0425647681303
Menominee,MI,52.5348442802243
Merced,CA,92.8965566699862
Mercer,KY,62.2099116668587
Mercer,MO,89.592215735334
Mercer,ND,77.3006137922765
Mercer,PA,49.2266317022039
Muskingum,OH,88.1042502718327
Mercer,NJ,53.7760603956766
Mercer,OH,90.3592222316937
Mercer,WV,65.6999999999967
Meriwether,GA,59.0467724213713
Merrick,NE,94.6800837842556
Merrimack,NH,110.359673095721
Mesa,CO,76.3918412861357
Metcalfe,KY,63.3383744079105
Miami,KS,84.0628834355877
Miami,OH,94.3905270034554
Mifflin,PA,58.8327494369823
Miami Dade,FL,78.350604962668
Mille Lacs,MN,80.142473662891
Middlesex,CT,144.141505524906
Middlesex,MA,130.781816611474
Miller,GA,105.805621621623
Middlesex,NJ,59.3710276853181
Middlesex,VA,66.7000000000036
Midland,MI,76.900000000003
Midland,TX,52.1999999999937
Milam,TX,48.2668106362749
Millard,UT,63.1000000000007
Miller,AR,56.57021885101
Miller,MO,66.1904011351732
Mills,IA,51.4454115421011
Mitchell,KS,178.252171992344
Mills,TX,52.2000000000006
Monroe,OH,78.5048269072611
Milwaukee,WI,82.5990613059068
Miner,SD,76.6420968600319
Mineral,CO,120.972209302326
Mineral,MT,53.102403213188
Mineral,NV,59.1451433306387
Mineral,WV,68.0000000000035
Mingo,WV,65.6999999999925
Minidoka,ID,57.6368356504375
Minnehaha,SD,75.4993032802069
Missaukee,MI,77.1014622283769
Mississippi,AR,67.2005144911886
Montague,TX,35.7291098325675
Mississippi,MO,64.7999904634753
Mitchell,GA,65.6691786870703
Missoula,MT,47.1125790345608
Mitchell,IA,78.7661028650338
Mitchell,NC,63.9322023502774
Mitchell,TX,52.2818727000161
Mobile,AL,63.4999804366741
Modoc,CA,116.066023556798
Moffat,CO,80.4959534028208
Mohave,AZ,74.8409583174695
Moniteau,MO,51.1945313912353
Monona,IA,95.1211199110707
Monmouth,NJ,100.549921545481
Mono,CA,94.0815554873812
Monroe,IA,90.5663670982497
Monongalia,WV,67.9999999999966
Monroe,IL,186.43372666822
Montgomery,AR,64.8732158988275
Monroe,AL,68.7608624004393
Monroe,IN,71.9453241359092
Monroe,AR,80.8058479482964
Monroe,FL,91.5134218312715
Monroe,GA,60.5768357718741
Monroe,MI,68.4048017362732
Monroe,MO,69.8735143347583
Monroe,MS,58.0252638511667
Monroe,NY,94.959889751319
Monroe,PA,42.5622906803563
Montgomery,IN,78.166430246021
Monroe,TN,65.6572138646302
Monroe,WI,78.3058828197268
Monroe,WV,65.9913045425932
Montcalm,MI,83.9438155453601
Monterey,CA,120.699999999939
Montezuma,CO,71.2999999999927
Montgomery,AL,64.6503657442247
Montgomery,GA,65.91237838647
Montgomery,IA,53.7676005668823
Montgomery,IL,15.3739169781555
Montgomery,KS,90.4785968214077
Montgomery,KY,66.3159364731694
Morgan,IL,60.983445629804
Montgomery,MD,80.4976938716553
Morris,KS,118.390858167153
Morris,NJ,100.907342927431
Montgomery,MO,67.4511963586594
Montgomery,MS,69.6854596029853
Montgomery,OH,100.037760952191
Montgomery,PA,69.9886263290349
Montgomery,NC,64.6477645125251
Montgomery,NY,60.3999999999934
Montgomery,TN,58.1999999999942
Montmorency,MI,109.609912083103
Montour,PA,69.2000000000001
Montgomery,TX,48.0326876060179
Montrose,CO,90.6925039056986
Montgomery,VA,70.9898976859896
Moody,SD,86.8032258064502
Moore,NC,64.6686871436136
Morrow,OR,63.889250814334
Moore,TN,50.593059057486
Moore,TX,43.7418942711352
Morton,KS,76.6873068069725
Mora,NM,116.948491879352
Morehouse Parish,LA,68.2709522710994
Morgan,AL,56.3229338184223
Morgan,CO,101.402704083634
Morgan,GA,60.3618677573273
Morgan,IN,80.8465484176113
Morgan,MO,69.2507595286064
Motley,TX,60.8860550458716
Morgan,KY,79.6223282838794
Morgan,TN,73.7181443318247
Morgan,UT,63.100000000002
Moultrie,IL,69.4135876091217
Morgan,WV,67.9999999999978
Morrill,NE,97.0510563380272
Morris,TX,44.6232464953413
Mountrail,ND,105.425889477664
Morrison,MN,67.5301158189867
Morrow,OH,80.5480145345535
Morton,ND,70.415431309906
Muhlenberg,KY,60.8502024380025
Multnomah,OR,61.5992503925578
Murray,GA,56.4000000000027
Murray,MN,82.6561289500492
Murray,OK,52.4432113714186
Muscatine,IA,61.4060137078189
Natrona,WY,69.4426845556076
Muscogee,GA,57.9652075128713
Muskegon,MI,77.292506160048
Muskogee,OK,51.2771228412394
Nemaha,KS,113.368995169079
Musselshell,MT,114.84006679423
Nacogdoches,TX,52.1999999999996
Nance,NE,78.2262446657177
Nantucket,MA,199.999999999996
Napa,CA,120.699999999995
Nash,NC,66.5588211383642
Nemaha,NE,60.2580600674215
Nassau,FL,78.0999999999936
Nassau,NY,60.3999999999883
Natchitoches Parish,LA,64.4519428175149
Navajo,AZ,77.1169984761672
Neosho,KS,88.7589637891992
Neshoba,MS,69.5973883377348
Navarro,TX,52.1527781626775
Nelson,KY,68.1412520494888
Nelson,ND,82.3615150361622
Nelson,VA,59.7504493644203
Ness,KS,133.117078799869
Nevada,AR,63.4642598278988
Nevada,CA,120.699999999985
Newton,AR,64.8120637540015
Newaygo,MI,79.8374432300619
Newton,GA,61.2312083694797
Newberry,SC,56.7927233176227
New Castle,DE,82.027692478931
Newton,IN,57.5832461032028
New Hanover,NC,64.3999999999939
New Haven,CT,139.455433224167
Newton,MO,78.1260363086259
New Kent,VA,66.6999999999959
New London,CT,132.486531135562
New Madrid,MO,65.8144099119917
Newton,MS,65.2753206379271
Newport,RI,151.899999999991
Newport News City,VA,66.7000000000013
Newton,TX,63.5579517732733
Noble,IN,82.0602958758327
New York,NY,60.3999999999998
Nez Perce,ID,2.08173988804157
Noble,OH,94.7434042447743
Niagara,NY,61.573133852513
Noble,OK,45.6056768683984
Nicholas,KY,60.0725185528765
Nobles,MN,83.9657036012521
Rawlins,KS,94.1106382978717
Nicholas,WV,66.8570982506686
Nicollet,MN,83.7082895283544
Niobrara,WY,69.1999999999996
Nodaway,MO,66.4896562573793
Nolan,TX,52.7586587313111
Nome Census Area,AK,155.6
Norfolk City,VA,66.6999999999945
Norfolk,MA,131.025038820186
Norman,MN,74.0323853743472
Nye,NV,91.2750275246546
Northampton,NC,62.2999999999953
Obion,TN,55.135018144717
Northampton,PA,45.4535979035393
Obrien,IA,61.5702462749955
Northampton,VA,85.7000000000031
North Slope Borough,AK,155.599999999977
Northumberland,VA,66.7000000000003
Northwest Arctic Borough,AK,155.600000000003
Northumberland,PA,69.2000000000075
Norton,KS,88.2134753184685
Nottoway,VA,69.5752271111438
Nowata,OK,54.0666676032975
Noxubee,MS,74.9400866886314
Nuckolls,NE,111.038300874966
Nueces,TX,52.200000000001
Oakland,MI,65.4712135214714
Ochiltree,TX,44.4322006163728
Ocean,NJ,100.894426483179
Oceana,MI,78.9618436568525
Oconee,GA,69.5642674559434
Oconto,WI,82.4267083082519
Oconee,SC,29.6963521075679
Ogemaw,MI,76.9000000000053
Ogle,IL,66.498621656465
Okaloosa,FL,78.100000000012
Okanogan,WA,54.4528268482263
Oglethorpe,GA,69.1315366879731
Ohio,IN,85.1335098335844
Ohio,KY,54.6839495993158
Ohio,WV,65.6999999999981
Okeechobee,FL,79.4144095407915
Osage,KS,79.1889261448863
Okfuskee,OK,43.5702860437311
Oklahoma,OK,50.9867766379658
Okmulgee,OK,42.3440367384528
Oktibbeha,MS,67.5404755592098
Oldham,KY,64.7911085131221
Oldham,TX,45.9222014051523
Oliver,ND,78.4675658879353
Olmsted,MN,93.717635864674
Otero,NM,53.7998719590243
Oneida,ID,65.2439427226891
Oneida,WI,77.3957865168443
Oneida,NY,60.5144613219835
Quay,NM,64.4335465616942
Onondaga,NY,60.5347637273768
Queen Annes,MD,81.4632407080555
Queens,NY,60.4000000000037
Rio Grande,CO,116.994098927076
Onslow,NC,64.9728570530615
Ontario,NY,86.5706518680933
Ontonagon,MI,21.9780850348249
Orange,CA,104.173602277644
Orange,FL,76.5074791023434
Orange,IN,70.2714635705226
Orange,NC,59.8230787639119
Orange,TX,47.7000000000044
Orange,NY,76.4604572899612
Orleans,NY,60.3999999999964
Orange,VA,72.3190188172035
Orleans,VT,109.181383949513
Orange,VT,108.726376418784
Orangeburg,SC,90.3130281656368
Oregon,MO,75.9287513997737
Orleans Parish,LA,72.458907597919
Osage,MO,66.4536623299209
Osage,OK,56.0618096677894
Osborne,KS,200.385030978936
Ripley,IN,76.2075557089709
Osceola,FL,77.3200245912704
Osceola,IA,73.629540392792
Osceola,MI,81.5741354505245
Oscoda,MI,93.0568273580186
Ottawa,KS,92.1164627602498
Oswego,NY,60.4000000000159
Otero,CO,53.5081722986783
Otoe,NE,67.7935451297187
Otsego,MI,83.1618920228973
Slope,ND,71.9001477104875
Otsego,NY,65.2033400017446
Ottawa,MI,81.0131588944513
Ottawa,OH,63.5826607896719
Ottawa,OK,62.3420495903033
Otter Tail,MN,93.5341344747983
Quitman,GA,57.8124223602491
Ouachita,AR,65.5839922347968
Ouachita Parish,LA,47.4464640576517
Owen,IN,79.1421770234098
Ouray,CO,157.199999999992
Ozark,MO,82.9704710717693
Outagamie,WI,79.6693861181699
Overton,TN,66.7935463791643
Owen,KY,56.4698133333348
Ozaukee,WI,82.5662298079761
Owsley,KY,69.8918937329692
Owyhee,ID,65.1311851580595
Palo Pinto,TX,52.4064716157171
Oxford,ME,86.1072119735494
Pacific,WA,53.1999999999983
Page,IA,52.9073501977467
Page,VA,77.1999999999942
Palm Beach,FL,78.0999999999957
Palo Alto,IA,61.0558345005937
Pamlico,NC,68.2393050296205
Panola,MS,66.2161600457539
Panola,TX,56.248908758454
Park,CO,82.7306713786159
Park,MT,65.1591820123043
Park,WY,85.4262350270219
Parke,IN,97.9046413502076
Paulding,OH,79.8813586867555
Parker,TX,52.9073825191671
Parmer,TX,56.6873093997308
Pasco,FL,77.7226606436952
Pasquotank,NC,68.8978692714506
Pawnee,KS,104.16212474724
Pawnee,NE,55.7000000000008
Passaic,NJ,55.0723031942412
Pennington,MN,76.2127858478388
Pennington,SD,80.128465947292
Patrick,VA,67.6999288509476
Paulding,GA,57.4478811023702
Pawnee,OK,55.7108885303143
Payette,ID,65.1000000000035
Payne,OK,49.7354566667795
Peach,GA,77.1719007167532
Perkins,SD,75.5000000000018
Pearl River,MS,53.9128655653204
Pecos,TX,54.9576060064664
Pembina,ND,79.7974842767311
Perry,OH,84.0648078612408
Pemiscot,MO,68.5030874804064
Penobscot,ME,90.2905046763264
Pender,NC,64.3948826761939
Pendleton,KY,56.4644093227976
Pendleton,WV,68.0000000000012
Pend Oreille,WA,42.2597885980182
Peoria,IL,63.6999999999984
Pepin,WI,81.3399799263963
Perkins,NE,116.03495488427
Perquimans,NC,66.9182189150288
Perry,AL,66.1745488487879
Petersburg City,VA,66.7000000000015
Petroleum,MT,148.977808988764
Perry,AR,62.7236313448845
Perry,IL,33.2863365956637
Perry,IN,71.4767023371625
Perry,KY,66.5004282196736
Pettis,MO,65.335436747923
Perry,MO,60.0999999999984
Perry,MS,63.0981588032206
Perry,PA,69.1999999999946
Phillips,KS,99.6777499035103
Phillips,MT,49.7000000000006
Perry,TN,58.2000000000008
Pershing,NV,58.6000000000006
Person,NC,64.3870361865563
Phelps,MO,69.5780842430149
Phelps,NE,73.8582759069059
Piatt,IL,49.1842340958244
Philadelphia,PA,69.2000000000169
Pierce,ND,81.8777630268826
Phillips,AR,69.4787351827529
Phillips,CO,84.4486750348672
Pickaway,OH,81.1755539745253
Pickens,AL,64.1884841147429
Pickens,GA,56.400000000003
Pickens,SC,38.2200954160178
Pickett,TN,63.3038410753215
Pierce,GA,54.6132611527181
Pierce,NE,116.301318071455
Pierce,WA,51.4515776246969
Pierce,WI,89.1075043259149
Pike,IL,16.2387136961769
Pike,AL,80.2689594747504
Pike,MO,66.5608247452778
Pike,AR,62.8839290946548
Pike,GA,61.4767008862791
Pike,IN,76.4775920095554
Pike,KY,66.4942043221899
Pike,MS,63.2360137582329
Pike,PA,74.0204447720903
Pima,AZ,76.8394561812246
Pine,MN,71.7583665770542
Pinal,AZ,46.5226165509269
Pinellas,FL,75.8336174318146
Pipestone,MN,76.4511763307977
Portage,WI,78.4521183169289
Piscataquis,ME,87.3229382850982
Potter,TX,42.5044734194224
Pitkin,CO,67.687611079806
Pitt,NC,66.7562255646165
Powder River,MT,114.900457818971
Pittsburg,OK,42.4667185039971
Piute,UT,63.0999999999999
Placer,CA,114.391622160907
Pittsylvania,VA,68.4320960938714
Plaquemines Parish,LA,47.0999999999947
Platte,MO,80.0666394610851
Platte,NE,93.5759556949603
Pleasants,WV,67.9861901178896
Poinsett,AR,76.1169287294509
Plumas,CA,120.700000000011
Plymouth,IA,68.0160572635462
Polk,GA,56.5444120567627
Plymouth,MA,130.6128269945
Pocahontas,IA,67.1144221585477
Pocahontas,WV,67.9999999999973
Pointe Coupee Parish,LA,50.2999999999993
Polk,AR,58.1440586098456
Polk,FL,76.6416132607011
Polk,IA,51.6478024701904
Polk,MN,75.8484991541714
Polk,MO,70.7173153392018
Polk,NC,63.1418785681494
Polk,NE,143.232846715325
Pope,IL,74.5071326266722
Polk,OR,45.85981529893
Polk,TN,61.3775427631641
Pope,MN,121.036623067772
Polk,TX,65.9822729738493
Poquoson City,VA,66.6999999999995
Polk,WI,71.5358351134534
Portage,OH,71.9958625830149
Pondera,MT,90.8888189511865
Pontotoc,MS,65.6997493350262
Pontotoc,OK,52.4077761630201
Pope,AR,64.9649392666295
Porter,IN,69.1428816147921
Portsmouth City,VA,66.6999999999995
Quitman,MS,57.6338853413314
Posey,IN,74.3279080946018
Powhatan,VA,71.4817503217558
Pottawatomie,KS,111.204177883064
Pottawatomie,OK,51.4645155243778
Pratt,KS,100.40271277697
Pottawattamie,IA,52.5642050201216
Potter,PA,59.0939673784315
Potter,SD,91.7656768998499
Powell,KY,83.8109044180678
Preble,OH,96.209317774264
Prentiss,MS,71.2490056986134
Powell,MT,51.1792755787884
Putnam,IN,78.4725005404385
Power,ID,65.1101522842651
Poweshiek,IA,66.2336208710247
Radford City,VA,79.7152908438942
Prairie,AR,66.1324951982287
Prairie,MT,72.2375722543357
Presidio,TX,58.373432518597
Putnam,OH,81.9647268228668
Presque Isle,MI,110.999164105115
Preston,WV,68.0000000000072
Price,WI,76.4080376324191
Prince Edward,VA,68.8891192151867
Putnam,WV,65.7000000000008
Prince George,VA,66.7777201105262
Providence,RI,151.7992680868
Prince Georges,MD,86.3078081448348
Prince of Wales Outer Ketchikan Census Area,AK,155.599999999999
Prince William,VA,66.5732967888114
Pulaski,AR,65.3034503832379
Pulaski,GA,66.1809172932333
Pulaski,IL,48.3292366570358
Pulaski,IN,68.7819092410648
Randolph,AL,66.2047286146675
Pulaski,KY,70.4126891292548
Pulaski,MO,77.5855932956344
Pulaski,VA,67.893249931278
Pushmataha,OK,45.6002432499299
Putnam,FL,73.9816275330763
Putnam,GA,56.026772364018
Putnam,MO,68.1000000000009
Putnam,NY,65.1363424321114
Putnam,TN,64.896384287614
Rabun,GA,56.133805309736
Racine,WI,82.5971006711389
Rains,TX,70.1664223335171
Raleigh,WV,64.7697570127946
Ralls,MO,67.0963176237579
Stephens,OK,54.1830061647724
Ramsey,MN,77.4000000000054
Randolph,AR,66.6274566197483
Ramsey,ND,81.6437834022375
Randall,TX,42.6025236503937
Randolph,IL,57.3089962639982
Randolph,IN,68.7762075258147
Randolph,MO,65.8428077378877
Randolph,NC,62.8784536149687
Rappahannock,VA,78.800000000002
Ravalli,MT,69.4574852995386
Stephens,TX,51.7705325298242
Randolph,WV,67.999999999998
Rankin,MS,60.8789316406512
Rapides Parish,LA,74.8378023815196
Ray,MO,67.4601987859239
Reagan,TX,53.2786813186811
Real,TX,62.465685071575
Red Lake,MN,72.7000000000012
Red River,TX,52.1999999999994
Red River Parish,LA,65.7772850640006
Red Willow,NE,94.441267387946
Redwood,MN,80.6465791341346
Reno,KS,82.6024313866615
Reeves,TX,52.6382622098071
Refugio,TX,52.7970060767742
Rensselaer,NY,61.210285330646
Republic,KS,196.326820360647
Schuyler,NY,46.9002619245452
Renville,MN,78.2198513959764
Renville,ND,73.0745258841627
Reynolds,MO,61.1732766628332
Rhea,TN,60.2928043744341
Rice,KS,89.6945124004056
Rice,MN,77.7227665421195
Richland,OH,76.3419890427922
Richland,SC,68.9775945574976
Rich,UT,63.1000000000008
Richardson,NE,61.4997443544947
Richland,IL,89.631967152755
Scotland,MO,67.8325642370205
Richland,MT,95.0911219228521
Richland,ND,79.9670017760722
Richland,WI,79.2619934435351
Richland Parish,LA,97.4032801303866
Richmond,NY,60.399999999997
Richmond,GA,61.0761161779933
Ringgold,IA,65.2345280161542
Scotts Bluff,NE,125.061065021499
Richmond,NC,65.1453935605337
Rio Blanco,CO,73.0601843317957
Richmond,VA,66.6999999999947
Richmond City,VA,66.7000000000001
Riley,KS,84.5234285192901
Rio Arriba,NM,89.169351646017
Ripley,MO,75.2999999999986
Roane,TN,58.7913704249461
Ritchie,WV,68.0000000000026
Riverside,CA,100.794463202167
Roane,WV,66.5251543970272
Roanoke City,VA,67.6995489002047
Roanoke,VA,67.6893496427966
Roberts,SD,87.8285767052453
Roberts,TX,47.3282451923078
Rock,NE,161.400000000002
Robertson,KY,57.6953294945616
Rock,WI,67.1853577282212
Robertson,TN,59.9972918899099
Rockingham,NC,59.8540326046205
Robertson,TX,38.2404013638438
Robeson,NC,59.5517687894862
Rock,MN,77.9663824763898
Rockbridge,VA,66.7000000000058
Rockland,NY,83.8991407260793
Rockcastle,KY,65.5163121193416
Rockdale,GA,59.6966448140985
Rockingham,NH,122.219414060138
Rockwall,TX,52.2000386398758
Stephenson,IL,63.6999999999973
Rockingham,VA,71.5528123876676
Rolette,ND,80.5785185861725
Rock Island,IL,63.6999999999957
Sterling,TX,61.9967637540447
Roger Mills,OK,56.8315743216082
Rogers,OK,75.7568135835654
Rooks,KS,99.0708096518009
Roosevelt,MT,54.2770987550694
Roosevelt,NM,103.296174650084
Roscommon,MI,76.9000000000007
Roseau,MN,73.2508836420182
Ross,OH,84.1605019970451
Steuben,IN,76.4596757002124
Rosebud,MT,110.344429004191
Stokes,NC,60.1145932821493
Routt,CO,80.5891401667214
Rowan,KY,59.9068165901488
Rush,KS,95.4121337340342
Rowan,NC,59.216295295729
Runnels,TX,52.5281938325992
Rush,IN,70.735337042121
Rusk,TX,54.0283711458656
Rusk,WI,82.228524648197
Stonewall,TX,55.6717605633802
Russell,AL,66.4846983484932
Russell,KS,128.767655986506
Russell,VA,67.5389872971268
Shelby,MO,63.1670715754065
Rutherford,NC,61.6128559029328
Saginaw,MI,76.8999999999726
Rutherford,TN,55.265431770035
Rutland,VT,100.616929478396
Saint Charles Parish,LA,47.2207392986015
Sabine,TX,67.9468771929833
Sagadahoc,ME,86.1000000000074
Sabine Parish,LA,67.2279496702362
Sac,IA,58.7416437728908
Shelby,OH,92.5202288258629
Sacramento,CA,104.01566013747
Saguache,CO,94.0377508444275
Tipton,IN,80.6879109000972
Saint Bernard Parish,LA,49.0086806827318
Tishomingo,MS,59.0999999999975
Saint Charles,MO,66.9259106143469
Saint Clair,AL,64.7706343822168
Saint Clair,IL,65.4595591718652
Saint Francis,AR,81.4002931671191
Saint Clair,MI,65.4000000000011
Saint Clair,MO,81.730927990356
Saint Croix,WI,79.6498913926925
Sainte Genevieve,MO,60.1330736664623
Saint Francois,MO,68.7340115872857
Saint Helena Parish,LA,79.4824343341624
Saint Johns,FL,78.3409455113075
Saint John The Baptist Parish,LA,47.798893361001
Towner,ND,82.1999999999994
Saint Joseph,IN,65.4291042770978
Saint Joseph,MI,45.5916516075652
Saint Louis City,MO,65.699999999997
Saint Landry Parish,LA,75.6599020490417
Saint Lucie,FL,78.1000000000007
Saint Martin Parish,LA,61.8127244133561
Saint Lawrence,NY,59.8982000968595
Saint Louis,MN,68.1425605438593
Saint Mary Parish,LA,72.9494767321657
Saint Louis,MO,65.7603811612574
Saint Marys,MD,78.4000000000082
Saint Tammany Parish,LA,78.5090661191041
Salem City,VA,95.87593190112
Salem,NJ,101.399999999976
Sanborn,SD,71.1654833424361
Saline,AR,65.2904718465503
Saline,IL,76.009122574286
Saline,KS,84.5984585274928
Sanders,MT,49.7349007046783
Saline,MO,83.6622445943292
Saline,NE,72.4977501004434
Salt Lake,UT,63.1000000000226
Saluda,SC,69.9736391912903
San Francisco,CA,120.700000000003
Wyoming,PA,42.0011385062774
Sampson,NC,64.4998967125376
San Augustine,TX,71.0166420966409
Sheridan,MT,160.510003368137
San Benito,CA,120.699999999995
San Bernardino,CA,95.8067122889141
San Diego,CA,162.120596486053
San Juan,CO,156.944959128066
Sandoval,NM,63.8561118810091
Sandusky,OH,71.1764611754518
Sangamon,IL,34.5943695929588
Sanilac,MI,65.7075874746367
San Jacinto,TX,52.9136692200933
San Joaquin,CA,120.164679282037
Sanpete,UT,63.0999999999938
San Juan,NM,57.7673139158394
San Juan,UT,63.1000000000001
Santa Cruz,AZ,80.623025435074
San Juan,WA,45.3000000000034
San Luis Obispo,CA,120.70000000001
Sarasota,FL,78.100000000011
San Mateo,CA,118.408790434285
Sargent,ND,78.5537578573374
San Miguel,CO,156.57050055893
San Miguel,NM,68.2449033014266
San Patricio,TX,52.5440147329673
San Saba,TX,52.1999999999985
Santa Barbara,CA,107.000748929754
Santa Clara,CA,114.627671565286
Santa Cruz,CA,120.699999999981
Santa Fe,NM,58.8109053095516
Sarpy,NE,56.5553513709737
Santa Rosa,FL,69.1515166888398
Saratoga,NY,61.7682084556463
Sauk,WI,83.1168551009233
Schenectady,NY,60.4000000000065
Saunders,NE,67.9658316702194
Sawyer,WI,76.431020850613
Schleicher,TX,55.7624951114593
Schley,GA,67.3241532481955
Schoharie,NY,60.0638366524942
Schoolcraft,MI,85.0664125589292
Schuyler,IL,56.7662543907528
Schuyler,MO,66.6791286727453
Schuylkill,PA,69.2000000000135
Scioto,OH,86.3085268659359
Scotland,NC,64.098535466117
Scott,AR,50.7409568929977
Scott,IA,53.163994463827
Scott,IL,23.1997021391824
Scott,IN,91.9238684542184
Scott,KS,78.20036798528
Seminole,GA,119.673785503645
Scott,KY,60.9150887653385
Seneca,NY,65.6000000000037
Scott,MN,79.8334483723517
Seneca,OH,86.1173372757191
Scott,MO,60.9901188796201
Scott,MS,63.7294715123722
Scott,TN,80.1764039268357
Scott,VA,67.3766219094111
Screven,GA,83.0703917674655
Scurry,TX,53.4990451661559
Searcy,AR,65.4361363199189
Sebastian,AR,57.4881222820646
Sedgwick,CO,84.3055793991417
Suffolk City,VA,68.5141121805566
Sedgwick,KS,72.1865809478717
Sequatchie,TN,71.9799357238826
Seminole,FL,76.6718282017458
Sevier,UT,63.0999999999988
Seminole,OK,51.4454252259114
Seward,KS,74.0010484863378
Sequoyah,OK,57.4164512720595
Seward,NE,150.73171812267
Shackelford,TX,52.8857014388484
Sevier,AR,52.3675732862916
Sevier,TN,59.3590766636257
Shannon,MO,74.5195051989952
Shannon,SD,75.8130716134636
Sharkey,MS,66.5651104417678
Sharp,AR,65.0764785131446
Shasta,CA,155.798547325888
Shawano,WI,82.7943134271551
Shelby,IA,72.1743685840011
Sheridan,ND,82.2000000000003
Shawnee,KS,81.9498419355531
Sheboygan,WI,80.4195976286208
Shelby,AL,63.8415471960911
Shelby,IL,68.7756487589302
Shelby,IN,70.4227266538962
Shelby,KY,62.7852776906224
Shelby,TN,58.1999999999778
Shelby,TX,58.8673064989109
Shenandoah,VA,71.0315534540362
Sheridan,NE,115.043864821956
Sherburne,MN,93.6161223071626
Sheridan,KS,92.8633374434852
Sheridan,WY,69.3097728938087
Sherman,KS,113.401580668602
Shiawassee,MI,76.899999999993
Sibley,MN,81.4423136780202
Shoshone,ID,65.7731446940994
Simpson,KY,59.766473394551
Sierra,CA,120.700000000001
Skamania,WA,69.9352272727276
Sierra,NM,57.3000000000001
Simpson,MS,64.8144708932331
Silver Bow,MT,51.3825717841993
Sioux,IA,70.8010510118194
Sioux,ND,85.9020270270259
Sioux,NE,91.6016722408026
Siskiyou,CA,120.699999999989
Sitka Borough,AK,120.668971564576
Skagit,WA,45.3000000000047
Skagway Hoonah Angoon Census Area,AK,155.600000000006
Smith,KS,168.007369942194
Smith,MS,68.9973021205127
Smyth,VA,67.7000000000056
Snohomish,WA,67.4807807045944
Smith,TN,67.0906838164572
Spalding,GA,67.2936568576655
Smith,TX,52.2000000000157
Snyder,PA,69.2000000000037
Socorro,NM,109.900000000004
Spink,SD,72.2068388504918
Solano,CA,120.699948577378
Somerset,MD,81.4416569564146
Somerset,ME,89.7123217689632
Somerset,NJ,64.9808967272311
Stanton,NE,93.9835250000017
Somerset,PA,38.8795745696976
Somervell,TX,52.6223360655751
Sonoma,CA,120.699999999962
Stark,IL,61.7694917471103
Southampton,VA,87.3163991897811
Southeast Fairbanks Census Area,AK,158.552218765344
Sullivan,MO,67.7685216225269
Spartanburg,SC,56.2900448552626
Stark,ND,76.3660225756244
Spencer,IN,69.9444312725994
Spencer,KY,63.8113074895026
Spokane,WA,61.8333853711684
Stark,OH,81.38404362246
Spotsylvania,VA,69.7722078624209
Stafford,KS,87.2841955656615
Sullivan,PA,64.8391416125652
Stafford,VA,66.7000000000052
Stanislaus,CA,111.687002955525
Thomas,GA,77.5997545181403
Stanley,SD,75.5000000000002
Starke,IN,75.0331415965709
Stanly,NC,63.1662427951126
Stanton,KS,76.0888719512192
Starr,TX,55.7805177770107
Staunton City,VA,66.6999999999995
Steele,ND,81.2661281015587
Stearns,MN,76.5057892947838
Steele,MN,74.2925877346403
Steuben,NY,63.2822240417077
Stevens,KS,76.4605563155502
Stevens,MN,89.0506742370476
Stevens,WA,60.9136775994421
Stewart,GA,76.1850434223236
Stewart,TN,58.1999999999949
Stillwater,MT,30.1231036112603
Stoddard,MO,62.3693807571209
Stone,AR,64.9367902944442
Stone,MO,79.8714805988939
Stone,MS,66.4135801092657
Storey,NV,58.6000000000014
Story,IA,70.2579144445611
Sullivan,IN,72.4407713680836
Strafford,NH,123.46258233408
Stutsman,ND,81.6925256247839
Sublette,WY,69.2000000000016
Suffolk,MA,131.099999999997
Suffolk,NY,60.3999999999693
Thomas,KS,91.905333333336
Sullivan,NH,127.203943123798
Sully,SD,88.6930839802404
Thomas,NE,146.299999999999
Sullivan,NY,67.565560970861
Throckmorton,TX,53.0794556059627
Sullivan,TN,58.2000000000174
Valencia,NM,61.1024188267887
Valley,ID,65.2969547501634
Summers,WV,65.4757311431225
Summit,OH,73.4620529871616
Summit,UT,63.1000000000019
Valley,NE,100.864179104475
Summit,CO,65.6294092677778
Sumner,KS,91.4792901065418
Sumter,FL,80.9139874042018
Sumner,TN,59.8127396943782
Sunflower,MS,64.7709709179052
Sumter,AL,66.988974333968
Thurston,NE,132.835270573166
Sumter,GA,63.5744840659503
Surry,NC,60.226725085252
Sumter,SC,63.324390036644
Van Buren,IA,77.965838949983
Surry,VA,66.6999999999976
Susquehanna,PA,40.8208468586739
Sweet Grass,MT,67.1657434551205
Sussex,DE,82.4004765132002
Sussex,NJ,96.8823961805639
Sussex,VA,67.010587948286
Sutter,CA,120.700000000021
Sutton,TX,58.4575769772597
Sweetwater,WY,69.2000000000066
Swift,MN,78.5221437521382
Suwannee,FL,62.3654502079259
Swain,NC,59.7999999999996
Swisher,TX,76.0043167802673
Switzerland,IN,87.0930431403022
Talbot,GA,65.8999238385372
Talbot,MD,73.4404036112569
Taliaferro,GA,87.3013443640123
Tallahatchie,MS,55.745177924254
Talladega,AL,77.3704160463778
Tallapoosa,AL,72.1484768388793
Tama,IA,64.943047752809
Taney,MO,82.9355308004192
Tangipahoa Parish,LA,47.5089720033587
Taylor,WI,76.7313845401195
Taos,NM,130.500000000009
Tarrant,TX,52.2000000000304
Taylor,WV,67.7789975290321
Winneshiek,IA,70.4328641711289
Tate,MS,55.9606874222569
Tift,GA,59.6008140851181
Tattnall,GA,65.9721470267489
Tazewell,IL,63.7354243152982
Taylor,FL,78.2675809377262
Terrell,GA,68.7338241790613
Taylor,GA,61.4837887067396
Taylor,IA,58.1720677146323
Taylor,KY,55.8175580623817
Taylor,TX,52.2363316110785
Tazewell,VA,67.6094483918145
Tehama,CA,120.700000000003
Walworth,SD,86.1408069792806
Telfair,GA,62.8122589692648
Teller,CO,87.2187609879285
Tensas Parish,LA,94.1849951833576
Terrebonne Parish,LA,47.776879804895
Terrell,TX,74.6456273764258
Terry,TX,81.4891897292422
Warren,IN,70.1064210526311
Teton,ID,65.7999999999976
Teton,MT,94.5642173924679
Texas,MO,66.6066862235022
Teton,WY,69.199999999995
Texas,OK,52.2277996139294
Thayer,NE,75.7793759041156
Thurston,WA,45.2999999999874
Tillamook,OR,50.9186209602254
Tioga,NY,65.5999999999931
Tillman,OK,61.5472655578078
Tioga,PA,46.779803081
Tipton,TN,1.45000083906394
Titus,TX,53.0775772090034
Todd,KY,54.9000000000009
Towns,GA,0.166462614779187
Todd,MN,85.7193389691384
Todd,SD,128.163317995903
Troup,GA,61.9138980392521
Tolland,CT,144.194574556365
Tom Green,TX,52.3949029503161
Tompkins,NY,64.4365307251233
Tooele,UT,63.1000000000016
Toole,MT,49.7414694894132
Toombs,GA,61.327177033495
Torrance,NM,135.635346057803
Traill,ND,80.3797936793873
Trousdale,TN,58.2000000000014
Transylvania,NC,48.539613196814
Traverse,MN,81.1341336116916
Travis,TX,53.0806046695064
Treasure,MT,140.950966608084
Trego,KS,96.741788908766
Trumbull,OH,72.6581124547659
Trempealeau,WI,74.5822698893734
Treutlen,GA,64.6250475586566
Trigg,KY,54.8999999999972
Trimble,KY,63.611259506584
Trinity,CA,120.700000000008
Trinity,TX,49.9075841769034
Turner,GA,56.5713487172147
Tripp,SD,95.9529238535991
Tucker,WV,68.0000000000011
Tulare,CA,96.3514611654684
Turner,SD,75.4127916462693
Tulsa,OK,42.1001779947191
Tunica,MS,62.0323922450654
Tuolumne,CA,120.577785934501
Uinta,WY,69.1999999999954
Tuscaloosa,AL,63.6601058094793
Tuscarawas,OH,83.7562135672156
Tuscola,MI,65.4000000000056
Twiggs,GA,62.472093882833
Twin Falls,ID,65.1006770680041
Warren,NC,64.3574561596553
Tyler,TX,49.6560654590097
Tyler,WV,67.9999999999989
Tyrrell,NC,62.2999999999993
Uintah,UT,63.1000000000079
Ulster,NY,60.5332442620824
Umatilla,OR,68.2210122515146
Unicoi,TN,60.8181342996948
Union,FL,69.9101198402119
Union,AR,64.999999999992
Union,GA,0.325793506019701
Union,IA,67.4559234482144
Union,MS,60.6828142598976
Union,IL,48.3292366570385
Union,IN,73.1018752261185
Union,KY,55.2872931210318
Union,NC,60.1632195924792
Union,OH,87.7877875871695
Union,PA,99.8992600131574
Union,NJ,56.7408552079967
Union,NM,60.7808350622417
Union,OR,54.3999999999976
Walworth,WI,81.5532005437487
Union,SC,52.5337257053921
Van Buren,MI,31.8801421124948
Union,SD,92.0271585294346
Union,TN,59.4658697446252
Upshur,WV,67.775979965346
Union Parish,LA,53.7742266103026
Upshur,TX,58.4076770914723
Upson,GA,63.2792827601216
Upton,TX,52.3652498564045
Utah,UT,64.7441427170399
Uvalde,TX,54.4310013662301
Valdez Cordova Census Area,AK,163.824727992083
Valley,MT,49.6999999999995
Val Verde,TX,53.2956636536619
Van Buren,AR,65.7628025577007
Van Buren,TN,58.8824525558296
Vance,NC,64.3758044176116
Wapello,IA,69.2526121388544
Vanderburgh,IN,73.2999826995407
Van Wert,OH,85.7251474930415
Vigo,IN,70.6498867470056
Van Zandt,TX,52.2000000000131
Venango,PA,46.7001650714767
Ventura,CA,93.0147280468732
Vermilion,IL,62.2817425301406
Warren,PA,69.1844007261076
Vermilion Parish,LA,13.2187211888368
Vermillion,IN,70.2000000000023
Vernon,MO,68.0188152201597
Vernon,WI,76.8257721965227
Vilas,WI,78.0288753635708
Vernon Parish,LA,66.5753193030639
Vinton,OH,83.8629333014594
Waseca,MN,75.857855377402
Victoria,TX,55.0065907279848
Virginia Beach City,VA,66.7000000000187
Wabash,IL,109.032436286906
Volusia,FL,78.1872425358942
Wabasha,MN,80.8174403102696
Wake,NC,63.6209686829224
Wabaunsee,KS,122.210745658838
Wade Hampton Census Area,AK,155.599999999997
Wadena,MN,83.4342626702247
Wagoner,OK,55.0699051919286
Wahkiakum,WA,45.2999999999996
Washakie,WY,72.3668456375827
Wakulla,FL,80.2324321416998
Waldo,ME,86.1178955168636
Walker,AL,63.499730768076
Walker,GA,55.7460621559542
Walker,TX,48.0326762794925
Wallace,KS,85.0010401188712
Ware,GA,59.5670472269043
Walla Walla,WA,47.3686806973718
Wallowa,OR,76.0482758620698
Waller,TX,47.7000000000005
Walsh,ND,79.1310015898232
Walthall,MS,70.1330852436264
Walton,FL,77.934400415054
Walton,GA,70.2356656130373
Warren,IL,63.7000000000029
Ward,ND,81.8873161999694
Ward,TX,52.1999999999987
Warren,GA,61.1959190129708
Warren,IA,64.0645614035054
Warren,KY,55.6236941572229
Warren,MO,66.6283208089496
Warren,MS,55.390859369894
Warren,NJ,99.2739698802207
Warren,NY,60.3999999999994
Warren,OH,78.50387369336
Warren,TN,63.8656357082121
Warren,VA,78.7593057917823
Warrick,IN,73.241062532112
Washburn,WI,79.0122503526606
Wasatch,UT,63.1000000000014
Wasco,OR,54.8256518108774
Washington,AL,105.026423225216
Washington,NC,67.9625672159535
Washington,AR,60.5969679611148
Washington,CO,122.73188474256
Washington,WI,81.6134030434372
Washington,FL,3.42388084498838
Wayne,NC,64.6288396193295
Washington,GA,61.5844861102374
Washington,IA,68.0908116556869
Washington,ID,65.49188803199
Wayne,NE,117.427573529409
Washington,IL,67.535785120656
Webster,KY,49.552063887159
Washington,IN,82.6032848002457
Washington,KS,158.876019730604
Washington,KY,63.1972387238706
Washington,MD,82.6114265632808
Washington,ME,108.30464620127
Webster,WV,67.9999999999998
Washington,MN,78.8513062919099
Wells,ND,82.2000000000013
Washington,MO,66.6284697890187
Washington,NE,58.581151507634
Washington,MS,69.3216464724646
Washington,UT,67.9126631295892
Washington,NY,61.3629375247674
Washington,OH,87.7165077858018
Washington,OK,43.7558680274501
Washington,OR,61.2802629029829
Windham,CT,144.199127090094
Washington,PA,75.0999999999962
Washington,RI,151.609386794353
Washington,TN,58.1999999999956
Washington,TX,57.9923623455191
Washington,VA,67.4939299457649
Washington,VT,108.837721759962
Winnebago,IA,87.7876596169194
Washington Parish,LA,60.0156687039671
Washita,OK,43.9671060941009
Washtenaw,MI,65.7401809233919
Washoe,NV,58.5999999999939
Waushara,WI,82.4751217873621
Watauga,NC,60.8756678470044
Watonwan,MN,68.5483158963589
Wayne,IL,73.7836201396955
Waukesha,WI,82.7771221158264
Waupaca,WI,81.7820987370861
Wayne,GA,55.2737277616868
Wayne,IA,76.5831476050836
Wayne,KY,80.2999785519414
Wayne,MO,62.8768339333945
Wayne,MI,67.7800802458811
Wayne,MS,60.0874245472863
Wayne,NY,80.5854241470644
Wayne,OH,83.4817160763012
Wayne,PA,69.1999999999947
Wayne,TN,79.6523148145621
Weakley,TN,75.682265124636
Wayne,UT,63.0999999999998
Wayne,WV,65.7000000000019
Waynesboro City,VA,66.6999999999987
Webster,GA,71.5678999478893
Webb,TX,52.6968599988931
Webster,IA,53.3453706772714
Weber,UT,63.0999999999887
Webster,MO,68.7982399721818
Webster,MS,85.4397263224695
Webster,NE,100.677564825254
Webster Parish,LA,60.8417622815731
West Baton Rouge Parish,LA,50.2999999999985
Weld,CO,71.9497500617616
Wells,IN,69.3891209495987
West Carroll Parish,LA,112.4180631565
Westchester,NY,60.6329660267525
Wheatland,MT,115.540589022157
West Feliciana Parish,LA,83.218543112681
Westmoreland,PA,75.1695712383451
White,IN,68.8932011331435
Westmoreland,VA,66.6999999999996
Weston,WY,68.8719692369951
Wibaux,MT,52.0172036418856
Wetzel,WV,67.6018691227053
Wichita,KS,73.9999999999989
Wexford,MI,77.1931502987618
Wharton,TX,53.2202366044182
Whatcom,WA,46.0903169582697
Wheeler,GA,64.0757983576643
Wheeler,NE,99.978904109589
Wheeler,OR,67.2315840621962
Wheeler,TX,48.6928624110357
White,AR,64.8502387473162
Wichita,TX,52.1999999999974
White,GA,56.3855850329641
White,IL,71.5667276344135
White,TN,61.6022494626268
Wilkinson,GA,63.0877611518918
White Pine,NV,60.980589254765
Whiteside,IL,63.7803705762102
Whitfield,GA,56.581500696275
Whitley,IN,53.8906071462517
Whitley,KY,66.848567374108
Whitman,WA,61.7764280365532
Wicomico,MD,80.2605342577982
Winnebago,IL,63.699999999998
Wilbarger,TX,52.2000000000017
Wilcox,AL,69.6260133944283
Wilcox,GA,66.3403102126176
Willacy,TX,55.6938501677207
Wilkes,GA,76.2099872611487
Williams,OH,68.678311093243
Wilkes,NC,60.1955962527969
Wilkin,MN,84.0592357948928
Wilkinson,MS,71.0168086982056
Williamson,IL,64.7226461503551
Will,IL,63.6999999999668
Williams,ND,78.4477609369611
Williamsburg,SC,63.8785327460451
Williamsburg City,VA,66.7000000000005
Williamson,TN,54.36643298079
Wilson,NC,66.1756028269224
Williamson,TX,62.2999514839241
Wilson,KS,235.380828947369
Wilson,TN,54.7086251230852
Windham,VT,100.6
Winnebago,WI,78.3337268976941
Windsor,VT,105.396063278835
Winkler,TX,52.1999999999995
Winn Parish,LA,44.5701691605172
Woodford,IL,62.9472101508126
Winona,MN,76.8330508474595
Winston,AL,63.0250777822671
Winston,MS,31.2291068269981
Wirt,WV,67.9999999999985
Wise,TX,51.1732874737421
Wise,VA,66.7494889417598
Wolfe,KY,82.3645660461999
Wood,OH,64.8918471474279
Wood,TX,52.0318075333464
Wood,WI,76.6338638575505
Wood,WV,67.9961879348853
Woodbury,IA,53.0180698541138
Woodford,KY,61.3359634219482
Woodward,OK,51.8817641638431
Woodruff,AR,92.8607875526642
Woods,OK,50.2861179306671
Woodson,KS,90.8049568965507
Wright,IA,58.3067654751538
Worcester,MA,130.24764887367
Worcester,MD,81.3109124335912
Wright,MO,74.8406982016032
Worth,GA,58.1540696833897
Worth,IA,68.8183908045974
Worth,MO,66.5814039408869
Wrangell Petersburg Census Area,AK,144.928694460759
Wright,MN,83.6475507135031
Wyandot,OH,84.7613296273998
Wyandotte,KS,74.4885575269133
Wyoming,NY,57.3127475033265
Wyoming,WV,65.6999999999999
Wythe,VA,67.7000000000084
Yadkin,NC,60.3713863300435
Yakima,WA,45.4119845184541
Yakutat Borough,AK,155.600000000001
Yalobusha,MS,63.045910013196
Yankton,SD,72.2844398539573
Yamhill,OR,50.0080009921906
Yates,NY,53.978281382723
Yancey,NC,65.4877910109463
Yavapai,AZ,60.699999999973
Yazoo,MS,62.5903389852488
Yell,AR,64.5336058357399
York,VA,66.699999999998
Yellow Medicine,MN,71.864195845118
Young,TX,52.2000000000024
Yuba,CA,120.700000000018
Yukon Koyukuk Census Area,AK,156.885065735418
Yellowstone,MT,49.904132519058
Yoakum,TX,54.9363526407738
Yolo,CA,120.697799626521
York,ME,87.729019297606
York,NE,85.8460721868346
York,PA,80.6734711470803
York,SC,37.9003735780121
Zapata,TX,53.970363636365
Yuma,AZ,61.5863295345019
Yuma,CO,93.8872357975037
Zavala,TX,54.4412562814073
Ziebach,SD,75.6750323415274
