<?xml version="1.0" encoding="UTF-8"?>
<metadata xml:lang="en"><Esri><CreaDate>20210922</CreaDate><CreaTime>18303600</CreaTime><ArcGISFormat>1.0</ArcGISFormat><SyncOnce>TRUE</SyncOnce><DataProperties><lineage><Process ToolSource="c:\program files (x86)\arcgis\desktop10.7\ArcToolbox\Toolboxes\Data Management Tools.tbx\CalculateField" Date="20210922" Time="183036">CalculateField Heteropolypus_ritteri_Classified_Mean_Habitat_Suitability.tif Class 'Very Low' PYTHON_9.3 #</Process><Process ToolSource="c:\program files (x86)\arcgis\desktop10.7\ArcToolbox\Toolboxes\Data Management Tools.tbx\CalculateField" Date="20210922" Time="183048">CalculateField Heteropolypus_ritteri_Classified_Mean_Habitat_Suitability.tif Class 'Low' PYTHON_9.3 #</Process><Process ToolSource="c:\program files (x86)\arcgis\desktop10.7\ArcToolbox\Toolboxes\Data Management Tools.tbx\CalculateField" Date="20210922" Time="183059">CalculateField Heteropolypus_ritteri_Classified_Mean_Habitat_Suitability.tif Class 'Medium' PYTHON_9.3 #</Process><Process ToolSource="c:\program files (x86)\arcgis\desktop10.7\ArcToolbox\Toolboxes\Data Management Tools.tbx\CalculateField" Date="20210922" Time="183110">CalculateField Heteropolypus_ritteri_Classified_Mean_Habitat_Suitability.tif Class 'High' PYTHON_9.3 #</Process></lineage></DataProperties></Esri></metadata>
