County,State,Com Electric Rate ($/MWh)
Abbeville,SC,97.5957646914391
Acadia Parish,LA,69.9592950476448
Ada,ID,102.998816084288
Hansford,TX,98.4376824354444
Accomack,VA,116.7
Adair,IA,123.50905263158
Adams,NE,91.9391642875733
Adair,KY,98.1722504065971
Adair,MO,110.129547898219
Adair,OK,75.843026399037
Adams,CO,116.03244848633
Adams,IA,120.092666252329
Adams,ID,101.029119318182
Alfalfa,OK,94.4064538730584
Adams,IL,87.3687259729129
Adams,IN,117.17353544269
Adams,ND,104.107049608355
Adams,MS,89.6965756513958
Adams,OH,136.878337805384
Adams,PA,123.836888446644
Alamance,NC,104.63510702837
Adams,WA,85.7729914874121
Addison,VT,145.171615935154
Adams,WI,142.005350877191
Aitkin,MN,132.472312646883
Aiken,SC,143.49282409503
Allen,KS,120.889202505214
Alachua,FL,124.37076468963
Alameda,CA,150.417338467344
Alamosa,CO,118.851996410948
Albany,NY,144.700000000017
Albany,WY,96.597721857847
Anderson,KS,121.76676797352
Albemarle,VA,82.8822776606138
Anchorage Borough,AK,129.937903138761
Alcona,MI,154.449956902803
Alcorn,MS,96.2129715708309
Aleutians East Borough,AK,181.899999999998
Aleutians West Census Area,AK,265.658911325728
Alexander,NC,107.637561292268
Alexander,IL,86.8279751825172
Alexandria City,VA,79.7000000000003
Alger,MI,232.56591604044
Allamakee,IA,145.963034081449
Aurora,SD,110.6922506183
Allegan,MI,152.072489008832
Allegany,MD,109.799999999998
Allegany,NY,129.34818588835
Baca,CO,154.439243632062
Alleghany,NC,111.388060253413
Allen,KY,93.699999999994
Alleghany,VA,95.8142939623856
Allen,OH,132.089850505245
Allegheny,PA,147.363304381749
Allen,IN,111.868218798664
Allendale,SC,144.827314187104
Allen Parish,LA,108.005126811802
Calhoun,MS,109.94947313918
Alpena,MI,137.851151300282
Alpine,CA,141.716279069768
Amador,CA,151.499183321167
Amelia,VA,122.425387420232
Amite,MS,99.431195079087
Amherst,VA,113.264431117333
Antelope,NE,102.331410141555
Anderson,KY,100.972219524042
Archer,TX,77.3049096342704
Archuleta,CO,153.697644842189
Anderson,SC,100.009158838728
Atoka,OK,97.2815661697688
Anderson,TN,103.002407653
Anderson,TX,90.333843327823
Audubon,IA,108.220749388064
Andrew,MO,122.826590083626
Andrews,TX,77.0999999999966
Androscoggin,ME,146.199999999989
Angelina,TX,77.3177864502575
Anne Arundel,MD,147.289609829539
Anoka,MN,132.093587949449
Anson,NC,110.579814826495
Antrim,MI,152.60175424429
Apache,AZ,114.294888187791
Appanoose,IA,145.033071781459
Arenac,MI,154.000000000007
Arkansas,AR,102.700000000009
Appling,GA,101.166343586193
Arlington,VA,79.7000000000019
Appomattox,VA,89.4216044543541
Aransas,TX,77.0999999999998
Arapahoe,CO,116.133557927271
Arthur,NE,88.7999999999998
Armstrong,PA,112.213004838392
Armstrong,TX,113.748223961471
Aroostook,ME,121.427467565652
Ascension Parish,LA,95.7526249239549
Asotin,WA,91.4222723084129
Ashe,NC,111.399999999996
Ashland,OH,119.717211249541
Ashland,WI,132.780669483791
Athens,OH,131.575526531507
Ashley,AR,89.8121665982573
Ashtabula,OH,119.646506411978
Assumption Parish,LA,87.6287279735221
Atascosa,TX,80.4546650292443
Atkinson,GA,102.026672678086
Atchison,KS,129.449447513817
Atchison,MO,107.484743085654
Atlantic,NJ,124.200000000011
Auglaize,OH,101.423120435814
Augusta,VA,94.6669621259748
Attala,MS,91.6187408994072
Audrain,MO,102.624309617246
Austin,TX,79.8165979871555
Autauga,AL,125.175649993373
Avery,NC,87.1178581681062
Avoyelles Parish,LA,112.045519042335
Cortland,NY,140.672967017706
Bacon,GA,103.38177372025
Bailey,TX,102.130989254108
Baker,FL,91.1000000000065
Barren,KY,110.093024404545
Baker,GA,118.573929138023
Baker,OR,95.5459525779313
Baldwin,AL,117.351931511408
Baldwin,GA,98.2450215468411
Ballard,KY,101.488328953465
Baltimore,MD,147.295634430403
Bamberg,SC,133.06663076517
Baltimore City,MD,147.299938975664
Bandera,TX,92.1058330321597
Banks,GA,98.6823723909882
Banner,NE,89.921223709369
Bannock,ID,101.722037341447
Barnwell,SC,144.341018630377
Baraga,MI,178.564530804798
Barber,KS,109.972261567518
Barton,MO,99.2758670971738
Barbour,AL,124.121936375024
Barbour,WV,99.8170767289041
Barnes,ND,77.7300514327685
Barry,MI,152.375368859202
Barnstable,MA,154.79999999995
Dekalb,IN,100.90470425981
Barron,WI,114.605912218561
Barrow,GA,100.582569530461
Barry,MO,110.771414880344
Bartholomew,IN,104.201172668118
Barton,KS,107.524284231967
Bartow,GA,98.2906425821836
Bastrop,TX,96.6244728434419
Bay,FL,85.2228228919284
Bates,MO,95.6664006179214
Bourbon,KS,131.253483753074
Bath,KY,102.539506013192
Bath,VA,130.588621586471
Baxter,AR,107.864683061211
Bay,MI,139.851601183933
Beaufort,NC,114.046302826677
Bayfield,WI,125.454450539728
Baylor,TX,77.3133079847898
Beadle,SD,106.915502958583
Bear Lake,ID,78.0000000000016
Beaver,PA,149.776389051522
Beaufort,SC,133.014797837985
Beauregard Parish,LA,104.820336865857
Beaver,OK,111.969128165478
Beckham,OK,93.0215754551279
Beaver,UT,88.4000000000008
Beaverhead,MT,24.1603174459174
Becker,MN,118.309430515765
Bedford,PA,67.0664643827032
Bee,TX,78.8552235256791
Bedford,TN,105.448474814011
Bedford,VA,110.806635722655
Bedford City,VA,101.359347574101
Bell,TX,90.281795100091
Belknap,NH,156.163442116345
Bell,KY,98.8582913392159
Belmont,OH,124.872777669913
Beltrami,MN,126.31226758485
Benewah,ID,24.5499591714969
Ben Hill,GA,108.79742705739
Bent,CO,123.056625744373
Bennett,SD,94.700000000001
Bennington,VT,144.899999999996
Benton,MN,134.671599723277
Garza,TX,100.985717127511
Benson,ND,91.3999999999966
Gillespie,TX,80.5586114259285
Benton,AR,92.9679730378699
Benton,IA,129.128631765565
Benton,IN,97.8460261392784
Benton,MO,109.483233961362
Benton,MS,106.898183563205
Bibb,AL,126.597230830095
Benton,OR,109.371216173532
Bledsoe,TN,110.120491897718
Benton,TN,100.300000000006
Bollinger,MO,100.094099378884
Benton,WA,83.3510493033627
Benzie,MI,131.285888548811
Bergen,NJ,155.906873946912
Berkeley,SC,113.919322401956
Bond,IL,70.0570827162453
Berkeley,WV,114.399512919249
Boone,IA,137.505467571651
Berks,PA,119.266691743749
Berkshire,MA,171.930682545255
Bernalillo,NM,124.435786976749
Big Stone,MN,105.317581949765
Berrien,GA,100.144387917324
Berrien,MI,102.16183518709
Bertie,NC,86.5053680781763
Bethel Census Area,AK,211.474921565944
Bexar,TX,77.0999999999596
Bibb,GA,96.6180227902927
Billings,ND,89.0785686910865
Bienville Parish,LA,87.4907091109488
Blaine,OK,87.1831785108408
Big Horn,MT,76.3085342370127
Bleckley,GA,100.974394961762
Boone,IL,87.4999999999964
Big Horn,WY,111.071151412908
Bingham,ID,96.6994158092375
Blackford,IN,113.288779434664
Black Hawk,IA,99.3399613976081
Bladen,NC,116.199106311102
Blaine,ID,95.4445460203876
Blaine,MT,76.9413638936719
Blaine,NE,118.2
Boone,IN,125.988492308919
Blair,PA,65.4438164682023
Blanco,TX,103.05527706106
Bland,VA,113.499999999999
Blount,AL,126.599953938499
Blount,TN,100.512442113698
Blue Earth,MN,131.465953920628
Boise,ID,98.1093828190179
Borden,TX,102.080530973451
Box Butte,NE,113.575920096855
Bolivar,MS,88.7573465334726
Bristol City,VA,112.397987245945
Bon Homme,SD,104.82863718231
Bonner,ID,77.8580118212358
Broadwater,MT,21.1170981348228
Bonneville,ID,71.0402541101469
Boone,AR,102.679855067525
Decatur,IA,131.126836887138
Boone,KY,93.7000000000125
Botetourt,VA,111.064842313598
Boone,MO,107.165453226305
Boone,NE,108.919072463769
Boone,WV,93.3999999999915
Bosque,TX,88.8294336830991
Bossier Parish,LA,98.0998656283531
Bottineau,ND,91.4956053068003
Douglas,SD,114.011273486431
Douglas,WA,29.5999999999997
Boulder,CO,110.52594020572
Boundary,ID,78.0000000000001
Bourbon,KY,98.5593284914898
Bowie,TX,81.9446749076433
Bowman,ND,104.656515775032
Box Elder,UT,95.3976598984818
Brooke,WV,114.388862664859
Boyd,KY,119.399999999988
Boyd,NE,111.884344660193
Boyle,KY,100.138232494005
Bracken,KY,101.352402707277
Bradford,FL,104.265113625991
Bradford,PA,50.9840658871359
Brookings,SD,96.5497262218684
Bradley,AR,104.961301033034
Bradley,TN,103.6399298715
Branch,MI,144.613741048962
Brown,TX,78.2945133918278
Brantley,GA,113.792567688727
Broome,NY,110.600184841488
Braxton,WV,114.399999999994
Broward,FL,91.0999999999922
Brazoria,TX,77.0999999999541
Brazos,TX,108.020951795755
Breathitt,KY,117.710304659493
Breckinridge,KY,106.99796536215
Bremer,IA,126.780850682788
Brevard,FL,91.1050256811386
Brown,IL,87.4117183590796
Brewster,TX,92.1244182936664
Briscoe,TX,103.9599677159
Brown,IN,134.29674704491
Bristol,MA,153.99170150922
Bristol,RI,184.300000000003
Bristol Bay Borough,AK,181.900000000003
Bronx,NY,144.700000000002
Brooks,GA,103.305722952474
Brooks,TX,77.1530552387161
Brown,KS,118.425588441545
Broomfield,CO,114.767998944234
Buena Vista,IA,112.602759858372
Brown,MN,124.503771892361
Buena Vista City,VA,79.7
Brown,NE,133.093029581772
Brown,OH,116.807890101033
Brown,SD,103.237765756335
Brown,WI,110.499219846516
Brule,SD,108.422249141936
Cheyenne,NE,99.9241598749569
Brunswick,NC,47.2450915240346
Chickasaw,IA,114.268147077047
Brunswick,VA,96.89697032293
Bryan,GA,117.849458156299
Bryan,OK,105.503553494231
Buchanan,IA,129.549201201195
Bureau,IL,96.0229602977544
Buchanan,MO,115.065451880144
Buchanan,VA,113.496197761407
Buffalo,NE,105.600910623943
Buckingham,VA,94.7688955457759
Buffalo,SD,115.441448692153
Decatur,IN,104.368716777225
Bucks,PA,93.4032177285923
Buffalo,WI,134.251928451651
Caldwell,MO,109.892705026315
Bullitt,KY,97.1731365960061
Bullock,AL,121.891244402541
Bulloch,GA,96.6764411631667
Calhoun,IA,112.885434808545
Buncombe,NC,108.158025264534
Burke,GA,103.912774637211
Clinton,KY,105.521447768614
Burke,NC,107.434904991863
Burke,ND,97.2095465393803
Burleigh,ND,106.358519621792
Butler,PA,120.170437485509
Butte,CA,151.500000000034
Burleson,TX,90.3804184858444
Burlington,NJ,159.988431949757
Burnet,TX,99.4360224482445
Butler,KS,129.388623628168
Burnett,WI,137.847975338715
Butler,NE,112.542086222495
Burt,NE,128.115031704587
Butler,AL,136.615770550745
Butler,IA,116.545211834733
Butler,KY,93.7000000000064
Butler,OH,115.229557239887
Butler,MO,97.5153780702357
Butte,ID,78.0000000000028
Butte,SD,137.739640146194
Butts,GA,95.1030976738907
Cabarrus,NC,104.380138197336
Coffee,AL,123.129394273658
Cabell,WV,93.3999999999948
Cache,UT,97.4599218114549
Caddo,OK,77.0346262325829
Caddo Parish,LA,92.1694056865097
Calaveras,CA,151.499999999996
Calcasieu Parish,LA,38.5296949236568
Caldwell,KY,121.68829291448
Caldwell,NC,104.947545087408
Calhoun,IL,85.8210765498405
Caldwell,TX,98.3404465955388
Calumet,WI,131.131100507744
Caldwell Parish,LA,85.8516259887577
Caledonia,VT,155.212563206586
Calhoun,AL,124.7407454074
Calhoun,AR,113.638124339819
Calhoun,MI,152.321722390542
Calhoun,FL,16.6639636163616
Calhoun,GA,96.8559845559837
Calhoun,SC,149.11984664409
Calhoun,TX,85.8486837486846
Campbell,SD,123.635553705244
Calhoun,WV,114.400000000001
Callahan,TX,78.0107934943271
Callaway,MO,112.71138906687
Calloway,KY,112.162653698544
Calvert,MD,133.149758454116
Cambria,PA,48.7642400612553
Camas,ID,96.0021367521364
Chickasaw,MS,108.915761397139
Camden,GA,101.360963646855
Duval,TX,77.1000000000009
Camden,MO,107.624283918419
Carroll,KY,98.4186156978066
Camden,NC,100.964505527341
Cameron Parish,LA,62.9874444382847
Camden,NJ,153.838881207237
Cameron,PA,111.03614933929
Cameron,TX,90.4734446554219
Grenada,MS,83.8250115833002
Camp,TX,81.6337758171719
Campbell,KY,93.7195623571687
Delaware,IN,113.075774478992
Campbell,TN,102.659920555372
Eddy,ND,91.4000000000001
Campbell,VA,108.231897281471
Campbell,WY,95.2221099811457
Canadian,OK,95.9726961488767
Candler,GA,96.5548318804481
Carroll,TN,103.196488365341
Cannon,TN,99.2004496862275
Canyon,ID,102.999999999983
Cape Girardeau,MO,110.428776043951
Carter,MO,98.0915367020165
Cape May,NJ,124.200000000004
Carlisle,KY,110.020406895321
Carbon,MT,64.7098482160445
Carlton,MN,107.078096891614
Carbon,PA,92.4999999999893
Carroll,AR,96.1600962991076
Carbon,UT,88.400000000003
Carbon,WY,108.94143672692
Caribou,ID,77.9999999999955
Gray,KS,110.65959885387
Caroline,MD,125.112822684739
Carroll,IN,98.334588411524
Gray,TX,101.17067419127
Caroline,VA,115.175753882035
Carroll,GA,108.567100116307
Carroll,IA,110.152201257861
Carroll,IL,136.168691980664
Carroll,MD,141.220765509667
Carter,MT,102.080434782608
Carroll,MO,119.874838794451
Carroll,MS,103.753145539903
Carroll,NH,163.609816173104
Carroll,OH,133.215149820633
Carroll,VA,113.498290684737
Carson,TX,100.3
Carson City,NV,79.9999999999982
Carter,KY,118.467317533671
Carter,OK,104.697129027559
Carter,TN,100.300000000013
Carteret,NC,109.649342176194
Casey,KY,100.336641286679
Carver,MN,128.292703697068
Cass,IA,102.208800765975
Cass,MI,86.1473449443207
Cass,MN,120.999749001727
Cascade,MT,8.01747539451057
Cass,IL,92.2755487704619
Cass,IN,102.414731229167
Cass,MO,112.253517225121
Cass,ND,91.4000000000112
Cedar,IA,126.757152635955
Cass,NE,107.717352905347
Cedar,MO,115.829235209235
Grady,GA,136.063270614282
Cass,TX,85.2189552776879
Cerro Gordo,IA,145.796059732888
Cassia,ID,90.5252993433579
Castro,TX,102.141674021772
Caswell,NC,110.170444487301
Catahoula Parish,LA,89.1309440783159
Chaffee,CO,152.815776395769
Catawba,NC,104.39776213883
Catoosa,GA,96.2999999999884
Catron,NM,124.048754409179
Cattaraugus,NY,126.996325523796
Cavalier,ND,91.4
Cayuga,NY,117.26796566204
Cecil,MD,110.718535350264
Cedar,NE,86.9154446612781
Chambers,AL,105.980379760541
Champaign,IL,88.8298932184019
Centre,PA,109.853690804669
Chambers,TX,95.7000000000122
Champaign,OH,125.845823260128
Chariton,MO,123.638203719051
Chase,NE,92.3009184525461
Charles,MD,130.699999999968
Chattooga,GA,96.2999999999997
Charles City,VA,79.6999999999979
Chautauqua,KS,158.500000000002
Charles Mix,SD,116.632878124197
Charleston,SC,142.800228880031
Chemung,NY,114.999999999988
Charlevoix,MI,144.641575133682
Charlotte,FL,92.3153472656472
Charlotte,VA,106.576342439948
Charlottesville City,VA,79.6999999999998
Charlton,GA,109.204981549818
Chase,KS,138.754758488761
Chatham,GA,96.3389991856543
Eddy,NM,98.1290849359162
Chatham,NC,109.068838428883
Chattahoochee,GA,120.201721150512
Chautauqua,NY,119.476359269682
Chaves,NM,95.9590138267928
Hopewell City,VA,79.6999999999996
Cheatham,TN,100.299999999998
Cheboygan,MI,156.207005538009
Chelan,WA,83.7000000000023
Chenango,NY,105.977602711248
Cherokee,AL,131.698363487699
Cherokee,GA,100.238855369214
Cherokee,IA,109.502485516722
Cherokee,KS,105.974836601302
Franklin,IN,113.825522443855
Cherokee,NC,98.0920471067388
Cherry,NE,95.9736624741905
Cherokee,OK,97.016587125575
Cherokee,SC,81.4138890628659
Cherokee,TX,79.0949908247867
Chesapeake City,VA,79.6999999999854
Cheshire,NH,145.68494782679
Chester,PA,92.56437282525
Chester,SC,96.0376909719224
Chester,TN,111.390015413927
Cheyenne,CO,133.1
Chesterfield,SC,112.913711354495
Cheyenne,KS,112.541907639188
Chesterfield,VA,80.2228229739076
Chicot,AR,95.625700000206
Childress,TX,78.5945917333389
Columbia,WA,85.8515215110177
Chilton,AL,125.695608151692
Chippewa,MN,107.382925325816
Chippewa,MI,126.099999999982
Colfax,NE,102.98208855843
Chippewa,WI,130.638720902593
Chisago,MN,128.126182078846
Chittenden,VT,151.758180669946
Choctaw,AL,114.43619989439
Choctaw,MS,115.873077602477
Choctaw,OK,91.7670828401054
Chouteau,MT,54.8213333341816
Chowan,NC,121.06099494098
Christian,IL,88.7811336289763
Hanson,SD,107.078845377472
Christian,KY,99.2689387771485
Christian,MO,122.66045266314
Haralson,GA,106.750311052901
Churchill,NV,79.9999999999974
Cibola,NM,130.310216621104
Cimarron,OK,89.657373836355
Claiborne Parish,LA,87.9936397048531
Citrus,FL,117.942863242857
Clackamas,OR,87.4162187771129
Clare,MI,151.564879689539
Claiborne,MS,110.891717300926
Finney,KS,110.352184793069
Claiborne,TN,105.491507458893
Clark,OH,117.7740470459
Clallam,WA,93.4398266326474
Clarke,MS,108.389184664324
Clarendon,SC,109.199119574915
Clay,IA,109.759578082971
Fisher,TX,85.6879947229548
Clarion,PA,90.072667958977
Clark,AR,105.412622831635
Comanche,OK,84.5919011048473
Clark,ID,78.0000000000007
Clark,IL,88.2137194841519
Comanche,TX,79.4478749297863
Clark,IN,100.839321211869
Clark,KS,128.980470249519
Hardee,FL,122.361271846077
Clark,KY,99.8028244298943
Clark,MO,102.143676375093
Clark,NV,117.264467275726
Edgar,IL,87.6867127302432
Clark,SD,99.480127523912
Clark,WA,92.5000000000055
Clark,WI,132.338137804044
Clarke,AL,126.980538865937
Clarke,GA,97.8139776435575
Clarke,IA,142.387009419153
Clarke,VA,118.621983500881
Clatsop,OR,109.980853941285
Clay,AL,122.74439115113
Clay,AR,88.845627008087
Clay,TN,100.300000000002
Clay,FL,112.560583757203
Clay,GA,96.782852564103
Clay,IL,100.229176952443
Clay,IN,104.813570459996
Clay,KS,132.440253911259
Clay,KY,112.167270889008
Clearwater,MN,125.684143763211
Clay,MN,110.352654267354
Clay,MO,127.116449859339
Clay,MS,110.073689075125
Clay,NC,86.4999999999953
Clay,NE,94.2909497859089
Clay,SD,109.406209644183
Clay,TX,77.1141848607651
Clay,WV,94.9299698398279
Cleburne,AL,126.587364787899
Clayton,GA,96.7198082964482
Clayton,IA,136.611250705816
Clear Creek,CO,117.906103591881
Cleburne,AR,102.935942432508
Clearfield,PA,71.1691764329557
Hardeman,TN,118.646194545636
Clearwater,ID,32.7217683481827
Jackson,OH,136.140523893941
Clermont,OH,116.595464041771
Cleveland,AR,106.914650660084
Concho,TX,79.18363327674
Concordia Parish,LA,70.8131448764116
Cleveland,NC,107.18449872655
Cleveland,OK,104.660937761444
Jackson,OK,78.638812641383
Clinch,GA,104.252035010941
Clinton,IL,87.6846873319431
Clinton,IA,138.871449329831
Clinton,IN,101.045516565667
Clinton,MI,151.11884023714
Clinton,MO,112.627460679662
Coryell,TX,89.254539714715
Clinton,NY,88.4906431159951
Clinton,OH,120.596162522089
Gage,NE,96.5173182635568
Clinton,PA,94.6656045473119
Cloud,KS,127.334565024413
Coahoma,MS,99.0489993267447
Coal,OK,95.3144596397787
Flagler,FL,91.1526193308137
Cobb,GA,106.533203090431
Cochise,AZ,104.899999999985
Cochran,TX,109.45931935101
Flathead,MT,95.1657853340549
Cocke,TN,100.300438432672
Coconino,AZ,102.887472293334
Codington,SD,94.1648613931203
Coffee,GA,101.966110266685
Coffey,KS,137.881740732211
Coke,TX,79.920053238686
Gaines,TX,99.1076940215369
Coffee,TN,103.055903238318
Fluvanna,VA,106.482005648169
Colbert,AL,103.769587179297
Cole,MO,104.584813891019
Coleman,TX,92.3061872679794
Coles,IL,87.8616152934386
Galax City,VA,113.500000000001
Colfax,NM,131.417578524767
Colleton,SC,149.344994335674
Collier,FL,93.6556336761687
Collin,TX,107.027950682631
Collingsworth,TX,85.6277766577114
Colonial Heights City,VA,79.7000000000002
Colorado,TX,87.0645621534226
Colquitt,GA,113.167003154581
Wabash,IN,97.5894430096603
Columbia,AR,102.714039134892
Columbia,GA,97.1146750060512
Columbia,FL,100.212469371087
Columbia,NY,131.931057026377
Columbia,OR,66.685670028777
Columbia,PA,92.4999999999934
Columbia,WI,128.58275328001
Columbiana,OH,121.801554121166
Columbus,NC,68.4453480025406
Marshall,IN,129.458941988093
Colusa,CA,151.499999999991
Comal,TX,94.8731135343437
Comanche,KS,146.186431226767
Conecuh,AL,99.3029277402817
Crisp,GA,96.3000000000017
Conejos,CO,124.204928082998
Converse,WY,94.4000000000028
Garden,NE,88.800000000001
Contra Costa,CA,151.499999999951
Conway,AR,102.96442021803
Coos,OR,109.22696374932
Cook,GA,111.923868098617
Cook,IL,87.5749917186368
Cook,MN,98.8000000000026
Coosa,AL,124.639594699921
Cooke,TX,77.4192100722604
Cooper,MO,107.338153282344
Coos,NH,146.857311800155
Copiah,MS,92.3009171640776
Corson,SD,128.496473265073
Coshocton,OH,133.015597665968
Cotton,OK,75.936812896516
Cottonwood,MN,111.86965320665
Costilla,CO,121.210062402497
Cottle,TX,78.6084269662922
Covington,AL,116.593527093279
Covington,MS,104.092357931598
Covington City,VA,79.6999999999987
Crook,OR,108.47746900683
Coweta,GA,100.829580943275
Cowley,KS,127.463500506588
Cowlitz,WA,83.7000000000032
Craig,OK,89.3364111447521
Craig,VA,124.671282932002
Craighead,AR,80.9755659963669
Crook,WY,93.907924940794
Crane,TX,77.0999999999998
Crawford,AR,75.0944932564854
Crosby,TX,100.698707274321
Craven,NC,107.328006379749
Crawford,IL,88.3217694107783
Crawford,GA,109.204686072311
Crawford,IA,96.4375364478682
Norton City,VA,79.7000000000004
Crawford,IN,103.58
Crawford,KS,130.558264895543
Karnes,TX,85.6114831284317
Crawford,MI,152.706671332947
Crawford,MO,100.271373133424
Crawford,OH,128.187136416431
Crawford,PA,46.0909065137495
Crawford,WI,132.380920798626
Creek,OK,100.663663370733
Crenshaw,AL,126.190729783039
Crittenden,AR,88.5752324304177
Cross,AR,102.986767192675
Crittenden,KY,102.2066466213
Crowley,CO,158.65040582321
Crockett,TN,108.73350968583
Crow Wing,MN,114.344234396247
Crockett,TX,84.9218171296296
Culberson,TX,125.318227168075
Cullman,AL,95.1226280781245
Culpeper,VA,104.596757738201
Tippah,MS,109.08446159446
Cumberland,IL,90.9231104120619
Cumberland,KY,93.7384874950347
Cumberland,ME,146.183653944692
Cuming,NE,108.73491877843
Tippecanoe,IN,101.457852267614
Cumberland,NC,62.2420415062789
Dade,GA,96.2999999999992
Cumberland,NJ,133.465266266194
Dade,MO,119.645821543104
Cumberland,PA,85.406782548603
Jasper,IN,122.960566089285
Cumberland,TN,107.298051824005
Cumberland,VA,98.9966225165572
Currituck,NC,90.063833554671
Curry,NM,99.1655081223952
Curry,OR,122.599999999995
Kemper,MS,124.096512173758
Kenai Peninsula Borough,AK,246.984818727824
Custer,CO,163.502205753695
Custer,ID,85.762295465173
Custer,MT,102.941786771025
Custer,NE,110.274313022696
Custer,OK,84.0261669812394
Dakota,NE,104.162542056077
Custer,SD,138.437901352646
Cuyahoga,OH,125.072206273945
Daggett,UT,88.3999999999995
Dakota,MN,131.647645512309
Dale,AL,123.701854793503
Dallam,TX,97.5728126281289
Dallas,MO,118.132619490999
Dallas,AL,128.653190100304
Pike,OH,132.241615120104
Dallas,AR,103.388833160082
Dallas,IA,112.000927412171
Dallas,TX,78.6920285280711
Danville City,VA,110.278181259445
Dane,WI,155.086458061106
Daniels,MT,100.248091091762
Kinney,TX,92.4664567590257
Dare,NC,93.2472554752612
Lane,KS,115.525118483411
Darke,OH,115.151584201191
Dauphin,PA,92.7772739229766
Lane,OR,86.35027388981
Darlington,SC,106.295474049253
Davis,IA,148.621641074858
Davidson,NC,108.87697957859
Dawson,GA,99.6965830159092
Davidson,TN,100.299999999965
Decatur,KS,110.982533279547
Davie,NC,107.292101047065
Daviess,IN,117.880072573323
Dawson,MT,101.646425048262
Daviess,KY,128.057167058438
Daviess,MO,93.1131460152164
Davis,UT,90.3838404379429
Davison,SD,105.738709846461
Dawes,NE,140.900000000004
Dawson,NE,102.952379272109
Dawson,TX,78.4903800159433
Day,SD,107.13328319725
Deaf Smith,TX,100.54107616085
Dearborn,IN,114.838255442759
Debaca,NM,119.063168187745
Decatur,GA,101.764221075778
Decatur,TN,107.299164142309
Dekalb,GA,96.4506523870783
Deer Lodge,MT,101.513743245214
Defiance,OH,124.319609249155
Dekalb,AL,110.282025154693
Dekalb,IL,87.5000000000041
Dekalb,MO,117.440361274752
Delaware,OK,96.7267413356231
Ford,IL,99.2077183249146
Dekalb,TN,100.8971398411
Delaware,IA,136.566451797745
Delaware,NY,112.203638401944
Delaware,OH,130.536482822438
Delaware,PA,92.5000000000188
Denali Borough,AK,226.414477468843
Del Norte,CA,151.500000000001
Dent,MO,100.520546410414
Delta,CO,120.970704463882
Des Moines,IA,143.441343141262
Delta,MI,172.6081149187
Desoto,FL,94.9062734828713
Ford,KS,116.309740259745
Delta,TX,80.074137931035
Denton,TX,77.2919091835365
Denver,CO,114.699999999971
Deuel,SD,99.4852719229755
Dewey,OK,107.530388031539
Deschutes,OR,107.86287307698
Desha,AR,103.74405036563
De Witt,IL,90.6650465682915
Dickens,TX,78.8028312570787
Desoto,MS,86.4196852496903
Dickinson,KS,128.061159758711
De Soto Parish,LA,99.4561187185196
Deuel,NE,88.7999999999996
Dimmit,TX,81.8170438562843
Dewey,SD,136.599999999998
Dewitt,TX,99.0903088964574
Dickenson,VA,112.835084986375
Dickey,ND,100.205947037702
Dickinson,IA,136.31476815268
Dickinson,MI,107.600243261492
Divide,ND,97.5349889624733
Dickson,TN,101.297944787829
Dixon,NE,101.895056086414
Dillingham Census Area,AK,181.900000000001
Dillon,SC,105.295303159692
Dinwiddie,VA,102.086578449905
District of Columbia,DC,117.300000000004
Dixie,FL,124.552605407649
Kiowa,CO,169.345128483096
Doddridge,WV,101.842065868792
Dodge,NE,104.086958872628
Dodge,GA,106.708955223879
Dodge,MN,124.417958452722
Kiowa,KS,118.051312741313
Dodge,WI,136.680353788866
Dolores,CO,105.937168811507
Dona Ana,NM,98.5167285679352
Dooly,GA,103.8144813278
Langlade,WI,111.706823027719
Doniphan,KS,110.213482634536
Donley,TX,84.5498873239434
Douglas,GA,96.4662289300371
Door,WI,112.490990331645
Dorchester,MD,118.854180053083
Dougherty,GA,113.218998945374
Dorchester,SC,141.256471545342
Douglas,CO,122.744205006525
Douglas,IL,102.614583906156
Douglas,KS,130.856924806674
Douglas,MN,116.865893493961
Douglas,NV,79.9999999999954
Douglas,MO,105.34932301741
Douglas,NE,113.056588166003
Douglas,OR,108.957896621717
Douglas,WI,114.055356640158
Drew,AR,103.257632398053
Dubois,IN,118.203489853772
Dubuque,IA,143.365954938421
Edmunds,SD,94.9883785450047
Duchesne,UT,88.3999999999971
Dukes,MA,154.800000000008
Dundy,NE,88.7999999999996
Dunklin,MO,97.3941247556046
Dunn,ND,90.1341529774335
Dunn,WI,132.306870233973
Garfield,CO,111.397302125142
Dupage,IL,87.8395915979466
Garfield,MT,140.599999999999
Duplin,NC,115.239012598976
Durham,NC,105.188055258186
Garfield,NE,96.5587284482764
Dutchess,NY,142.070949271111
Duval,FL,110.883086609232
Dyer,TN,109.531216456934
Eaton,MI,149.090960567439
Eagle,CO,101.369434789486
Eau Claire,WI,133.535580090524
Early,GA,107.574686293439
Echols,GA,106.129659863948
Ector,TX,77.1000000000047
East Baton Rouge Parish,LA,97.0737821976768
East Carroll Parish,LA,85.7174130113097
East Feliciana Parish,LA,97.2000000000028
Eastland,TX,78.0056561213527
Edgecombe,NC,115.242852651349
Edgefield,SC,143.785566600412
Edmonson,KY,93.8972155107257
Edwards,IL,124.968104937202
Edwards,KS,127.066980745596
Edwards,TX,87.2733288770055
Effingham,GA,96.7139370905672
Effingham,IL,91.0670523754903
Elbert,CO,132.837129707646
Elk,PA,111.211507251422
Forrest,MS,98.0110965464099
Elbert,GA,121.149928156428
El Dorado,CA,148.061566329842
Elk,KS,140.440174471993
Elkhart,IN,119.593466918196
Elko,NV,53.9057065106688
Emporia City,VA,106.649976118452
Elliott,KY,132.676710739966
Erath,TX,77.1000000000049
Erie,NY,137.465785599123
Ellis,KS,122.126989557615
Ellis,OK,115.495331686296
Fairfax City,VA,79.7000000000004
Fairfield,CT,201.986485341124
Ellis,TX,77.1000000000138
Ellsworth,KS,138.236553784857
Foster,ND,91.3999999999993
Elmore,AL,125.716905140434
Elmore,ID,102.815339471827
Franklin,IA,113.256148648647
El Paso,CO,125.96782100355
El Paso,TX,124.399999999976
Emanuel,GA,101.692833070034
Emery,UT,88.4000000000023
Emmet,IA,132.26810702173
Emmet,MI,142.748399580285
Emmons,ND,110.986902448502
Erie,OH,116.971129510382
Erie,PA,83.9828179550233
Forest,PA,81.2020481493743
Escambia,AL,120.026421101271
Escambia,FL,91.0830224222072
Esmeralda,NV,98.9749615460276
Fairfield,OH,126.115783651055
Essex,MA,152.462808001084
Falls,TX,88.799999999997
Falls Church City,VA,79.6999999999999
Essex,NJ,162.829003819782
Franklin,KS,102.143005643016
Essex,NY,129.729502888416
Franklin,KY,92.706254590752
Essex,VA,96.5610945931053
Franklin,NY,143.291164715977
Essex,VT,171.502274469719
Estill,KY,109.499572368424
Fannin,GA,100.810482737035
Etowah,AL,126.715612575564
Faulk,SD,98.6518268690279
Eureka,NV,76.3160859188506
Fayette,IL,81.4588280255943
Evangeline Parish,LA,113.594647311394
Evans,GA,97.5883702166875
Fairbanks North Star Borough,AK,226.499999999997
Fairfax,VA,79.6999999999765
Fairfield,SC,125.837065727702
Fallon,MT,101.799999999999
Fall River,SD,138.448735066762
Fannin,TX,95.8061325589357
Faribault,MN,118.415450643466
Fayette,IN,106.163962567458
Faulkner,AR,87.1914487021403
Fayette,TN,101.490320163745
Fauquier,VA,85.4450602730333
Fayette,AL,126.630005741935
Fayette,GA,100.076415385933
Fayette,IA,144.382570691371
Fayette,TX,102.323067869754
Fayette,KY,98.853912350496
Fayette,OH,122.369509888814
Fillmore,MN,123.449642893588
Fayette,PA,109.038323803285
Fayette,WV,93.3185336884995
Fentress,TN,107.298051824019
Fergus,MT,55.8977106527464
Fillmore,NE,96.3544233154178
Ferry,WA,101.536366775008
Fleming,KY,102.559728608275
Franklin City,VA,79.6999999999998
Franklin Parish,LA,85.7464600491378
Florence,SC,104.995517923086
Florence,WI,115.110638297875
Forest,WI,109.958070428072
Floyd,GA,96.3000000000116
Floyd,IA,114.262433862438
Floyd,IN,98.6388953488396
Floyd,KY,117.443872093903
Floyd,TX,98.7609492768394
Floyd,VA,113.499999999998
Freeborn,MN,106.765013274882
Foard,TX,78.9028776978422
Fond Du Lac,WI,133.312806041713
Forsyth,GA,96.5095319634599
Forsyth,NC,104.465063479808
Fort Bend,TX,77.1000000000101
Fountain,IN,113.552793658055
Franklin,AL,120.100321029078
Franklin,ID,77.9999999999981
Franklin,AR,80.0718896106457
Franklin,IL,88.243663653403
Franklin,FL,118.600000000003
Franklin,GA,116.249267540475
Franklin,MA,178.582734183531
Franklin,NC,105.41809615599
Franklin,ME,145.754445118266
Franklin,NE,96.1173624658582
Lanier,GA,96.3000000000006
Franklin,MO,105.936280644873
Franklin,MS,94.0562402088779
La Paz,AZ,104.899999999996
Franklin,OH,129.996867045288
Franklin,PA,101.578394441077
Franklin,TN,106.432531020552
Franklin,TX,86.3522590506979
Franklin,VA,113.499999999975
Franklin,VT,152.602005109971
Franklin,WA,89.089550713574
Frederick,MD,109.799999999986
Prowers,CO,116.118804338052
Frederick,VA,116.718910365095
Fredericksburg City,VA,79.7000000000008
Freestone,TX,77.5574730263573
Frontier,NE,113.682184385382
Fremont,CO,157.847746069295
Fremont,IA,101.567458029505
Fremont,ID,84.0620823333963
Fremont,WY,104.435583987787
Fresno,CA,151.509595005692
Frio,TX,83.2105248022977
Fulton,AR,111.897575857018
Fulton,IL,87.5000000000036
Fulton,IN,96.6323813658794
Fulton,GA,97.5545019700885
Fulton,KY,113.37254411837
Fulton,NY,144.700000000009
Fulton,OH,121.328898778154
Fulton,PA,112.540688338021
Furnas,NE,108.581551765552
Gadsden,FL,102.04008486209
Gallatin,IL,93.5450228252719
Gallatin,KY,96.0906296186862
Garfield,OK,104.484369967835
Gallatin,MT,98.6066241073421
Gallia,OH,138.088004801423
Garfield,WA,83.3046610169494
Kit Carson,CO,113.869513431328
Galveston,TX,77.1985199693285
Garfield,UT,88.4000000000007
Garland,AR,102.699999999988
Garrard,KY,103.01660523763
Garrett,MD,109.799999999997
Garvin,OK,99.6748356099822
Gasconade,MO,83.6120849168243
Gaston,NC,106.78234354433
Gates,NC,87.5911647727283
Geary,KS,133.403917402561
Geauga,OH,119.739479761424
Gem,ID,103.000000000002
Genesee,MI,154.000000000043
Genesee,NY,144.699999999973
Geneva,AL,124.043639468784
Gentry,MO,137.484671671233
George,MS,105.163184514508
Georgetown,SC,120.994757234038
Gibson,IN,119.611955967487
Gladwin,MI,154.000000000014
Gibson,TN,104.950758666962
Gila,AZ,105.178574613558
Glades,FL,91.0999999999977
Gilchrist,FL,125.137334671166
Gilmer,GA,109.948109931349
Giles,TN,117.012043463619
Giles,VA,113.386344623955
Gilliam,OR,107.398638132297
Gilmer,WV,114.399999999999
Gilpin,CO,117.807171535369
Glacier,MT,104.831033070117
Pueblo,CO,158.632273520599
Glascock,GA,116.227506172839
Glasscock,TX,78.4062237174101
Glenn,CA,151.500000000007
Gloucester,NJ,133.912059281271
Grant,AR,104.304961757169
Gloucester,VA,79.7000000000046
Goochland,VA,81.7291980876425
Glynn,GA,97.3113094578147
Gosper,NE,108.560316319194
Gogebic,MI,106.800000000011
Golden Valley,MT,80.2564469940351
Golden Valley,ND,97.8710732054027
Goliad,TX,84.4666857469946
Gonzales,TX,89.5618930041158
Grant,IN,74.6817821642388
Goodhue,MN,131.263318928081
Gove,KS,122.727025063569
Gooding,ID,102.999999999999
Gordon,GA,98.6395876827111
Goshen,WY,133.231073667706
Grady,OK,90.4469645829189
Grafton,NH,168.269680266943
Graham,AZ,76.238060502841
Graham,KS,112.516775884665
Graham,NC,104.199999999998
Grainger,TN,110.196285970052
Grand,CO,143.090080288147
Grand,UT,88.3999999999981
Grant,KS,113.799999999997
Grand Forks,ND,91.4000000000081
Lawrence,IN,104.637184757938
Grand Isle,VT,192.699999999997
Grant,KY,94.358767645321
Grant,MN,112.871378672696
Grant,ND,127.69296424452
Grant,NE,88.8000000000004
Grand Traverse,MI,97.9437153866223
Grant,SD,98.5264813683547
Granite,MT,101.372977512953
Grant,NM,123.847065088273
Grant,OK,96.9689977599867
Granville,NC,107.7739732633
Grant,OR,97.6461227644607
Grant,WA,60.8983428420142
Gratiot,MI,138.699860234423
Grant,WI,127.788042660532
Putnam,IL,91.0894287827819
Grant,WV,114.400000000001
Graves,KY,116.534127615097
Grant Parish,LA,108.364167374946
Grays Harbor,WA,108.158366239234
Grayson,KY,96.3753096904681
Griggs,ND,91.4000000000001
Grayson,TX,122.006220793523
Green,KY,97.3544289847076
Grayson,VA,113.404968465895
Greeley,KS,102.400000000001
Greeley,NE,103.174805169896
Guadalupe,NM,124.794702549575
Green,WI,130.742120579178
Greene,AR,86.025691497735
Greenbrier,WV,110.420064084691
Greene,AL,119.917843925985
Guernsey,OH,137.27630191523
Greene,GA,105.524333248668
Greene,IA,132.71188797337
Greene,OH,119.548330693336
Greene,IL,85.725195265938
Greene,IN,122.005560397414
Hamilton,IA,121.622119405034
Greene,MO,101.354507878735
Greene,MS,106.760252365932
Hamilton,IL,110.990861870927
Greene,NC,115.617207156034
Greene,NY,141.993204071479
Jewell,KS,139.975095638872
Greene,PA,110.800000000013
Greene,VA,118.818798449609
Greene,TN,100.297883219791
Green Lake,WI,129.324945869379
Greenlee,AZ,82.8756692029262
Greensville,VA,96.3968088888944
Greenup,KY,120.856926873582
Greenville,SC,98.7630117096637
Greenwood,KS,131.23628067329
Greenwood,SC,91.4615403828115
Gregory,SD,97.3174391201881
Greer,OK,83.0616321964779
Gregg,TX,77.411987019596
Grimes,TX,99.5011688950551
Grundy,IA,132.997107562517
Grundy,IL,87.49999999999
Grundy,MO,115.192891311601
Grundy,TN,110.284494960303
Guadalupe,TX,107.926414142413
Jim Hogg,TX,84.5288351107465
Guilford,NC,106.166354501887
Hamilton,IN,97.9504053900598
Gulf,FL,119.763913703739
Gunnison,CO,99.9096152762875
Guthrie,IA,115.206859121125
Gwinnett,GA,100.926159838964
Hamilton,KS,104.138362760835
Hamilton,NE,99.7418419702437
Haakon,SD,135.299999999999
Habersham,GA,110.60835995153
Hamilton,NY,138.844598168876
Wayne,IN,114.979320317702
Haines Borough,AK,181.900000000002
Hale,AL,123.849282464121
Hale,TX,101.160109754942
Halifax,NC,69.0743330323568
Halifax,VA,89.1455698419858
Harper,OK,120.999539170511
Hall,GA,99.4185352431393
Hall,NE,99.7262690210259
Hall,TX,85.1193459208292
Hamblen,TN,107.447275683148
Hancock,WV,114.4
Hamilton,FL,121.542249485094
Hamilton,OH,116.913008723196
Hancock,KY,107.799779887189
Hancock,ME,126.187374311068
Hamilton,TN,100.32677550828
Hamilton,TX,91.2994405616655
Hamlin,SD,104.485080560789
Hampden,MA,167.312720664733
Hancock,MS,108.856408140757
Hampshire,MA,167.866152547474
Hancock,OH,132.373682956726
Morgan,OH,133.33382403915
Hampshire,WV,114.399999999999
Hancock,TN,104.597938841004
Hampton,SC,140.084503478812
Hampton City,VA,79.6999999999984
Hancock,GA,110.83747751349
Hancock,IA,124.880873103955
Medina,OH,117.982246994182
Hancock,IL,87.4959775136769
Hancock,IN,119.198076972883
Hand,SD,119.170480404549
Hanover,VA,85.0369173203118
Hardeman,TX,76.5809677423199
Hardin,IA,136.998805141126
Hardin,IL,101.786284712502
Hardin,KY,99.6495095768338
Hardin,OH,132.680433706967
Hardin,TN,110.845557371954
Hardy,WV,114.400000000004
Harford,MD,145.528215061635
Hardin,TX,95.6999999999972
Harmon,OK,83.470539419088
Harding,NM,164.476043276662
Harding,SD,106.408586296619
Harlan,KY,98.8493620117946
Harlan,NE,118.229999999999
Harnett,NC,112.370139849369
Harney,OR,94.9098834640038
Harper,KS,105.542017430002
Harris,GA,109.451805115713
Harris,TX,77.1000000000295
Harrison,MS,97.4301338207738
Harrison,IA,98.4019934462045
Harrison,OH,130.678023102351
Wilson,TX,104.612929599885
Harrison,IN,106.2540543197
Haskell,TX,79.680343796711
Harrison,KY,101.575443903723
Harrison,MO,114.747105093486
Harrison,TX,81.3368734732258
Platte,WY,97.2147377423062
Harrison,WV,101.834356885285
Harrisonburg City,VA,95.0475975577382
Hayes,NE,90.9960468521228
Hart,GA,114.864603616123
Hart,KY,101.418091326902
Hartford,CT,192.399999999979
Hartley,TX,99.4699438786099
Hays,TX,107.407144944004
Harvey,KS,130.466249957073
Haskell,KS,105.273117999479
Haskell,OK,91.8853788744975
Hawaii,HI,315.199999999959
Hot Springs,WY,98.4978712992401
Hawkins,TN,95.2939728716396
Houston,TN,100.3
Haywood,NC,75.3988915757321
Winchester City,VA,113.983490065362
Haywood,TN,106.727750905849
Heard,GA,106.708718912666
Hemphill,TX,120.253349546758
Henderson,IL,87.5000000000004
Hempstead,AR,105.253654458535
Henderson,KY,100.253387596022
Henderson,TN,104.28502192282
Henderson,NC,104.199999999982
Kosciusko,IN,120.930753095757
Henderson,TX,77.1000000000004
Hendricks,IN,102.027663226404
Hendry,FL,92.0487931623935
Henry,IL,87.9668995345682
Hennepin,MN,131.685542139021
Henry,IN,102.337754826185
Henrico,VA,79.6999999999865
Henry,AL,124.017988234322
Henry,KY,100.806523291093
Henry,GA,96.4169578375068
Henry,IA,129.801019879001
Henry,MO,106.179076070946
Henry,OH,114.762088840552
Henry,TN,99.5988104599031
Henry,VA,112.921272760997
Hernando,FL,116.81516413174
Herkimer,NY,142.08446070378
Hidalgo,NM,132.798533724338
Hertford,NC,86.5000000000013
Hettinger,ND,103.458045977011
Hickman,KY,96.799790478435
Hickman,TN,100.644999241592
Hickory,MO,118.852251250697
Hidalgo,TX,79.3166314794304
Highland,OH,126.535228162181
Highland,VA,119.973659117997
Hill,TX,81.7945303337343
Highlands,FL,121.25866694466
Hill,MT,81.2311535689062
Hillsborough,FL,112.692652609724
Hodgeman,KS,113.682937780629
Hillsborough,NH,144.808642443679
Hillsdale,MI,147.351026099298
Hinds,MS,81.6255736978511
Hood,TX,86.4313841069389
Hinsdale,CO,115.644076433122
Hitchcock,NE,101.007012058955
Hocking,OH,130.319853246202
Hockley,TX,99.8880951446416
Hoke,NC,78.2476672041072
Holmes,FL,73.9309663619357
Holmes,MS,94.0286156708605
Holmes,OH,128.31063327069
Holt,MO,125.985747067824
Holt,NE,114.075818296268
Hood River,OR,82.4124923826981
Hooker,NE,101.967112299465
Honolulu,HI,260.698665794395
Hopkins,KY,101.316820592541
Hopkins,TX,77.1640469330328
Hot Spring,AR,102.841880089176
Horry,SC,126.814405266996
Houghton,MI,236.815050070545
Howard,MO,99.6981558551582
Houston,AL,105.622856377278
Howard,NE,107.142931524037
Howard,TX,77.1000000000086
Houston,GA,115.340771799117
Houston,MN,127.68002883922
Houston,TX,82.8843432442584
Howard,AR,85.8311025144628
Howard,IA,147.397874837028
Howard,IN,97.4982712207401
Howard,MD,146.923971006158
Hutchinson,TX,100.551148906283
Kossuth,IA,127.991111411831
Howell,MO,99.8698497052192
Hubbard,MN,116.743417667612
Jim Wells,TX,77.1000000000033
Hudson,NJ,164.5172076473
Monroe,KY,93.7000000000008
Hudspeth,TX,134.379308288612
Huerfano,CO,164.246911001617
Hughes,OK,101.992645088263
Hughes,SD,100.203649764149
Humboldt,CA,151.500000000022
Humboldt,IA,100.170446120418
Humboldt,NV,80.0000000000036
Humphreys,MS,104.414583319754
Ingham,MI,148.973594559728
Humphreys,TN,100.30000000001
Hunt,TX,84.6896880163254
Inyo,CA,157.213430746851
Hunterdon,NJ,133.60278116703
Ionia,MI,147.317928445654
Huntingdon,PA,42.7958677968978
Huntington,IN,98.2020639900079
Irion,TX,87.4316483843141
Randolph,GA,96.3735131273428
Huron,MI,144.964231125025
Huron,OH,121.119677644288
Hutchinson,SD,104.637146092866
Hyde,NC,128.900000000002
Hyde,SD,118.362180579216
Iberia Parish,LA,113.055099430528
Iron,MO,106.306268583253
Iberville Parish,LA,88.0936944683295
Ida,IA,91.8058893693149
Idaho,ID,78.9931072374288
Iron,UT,88.0661981728717
Imperial,CA,151.501550408197
Itawamba,MS,103.780408422118
Independence,AR,101.973178233056
Johnson,GA,101.724314749206
Indiana,PA,31.9227858616703
Indian River,FL,98.8094009739698
Johnson,NE,109.768321874205
Iosco,MI,154
Iowa,IA,136.943451322008
Jones,GA,103.827608785312
Iowa,WI,131.995152177887
Iredell,NC,94.5361216645002
Iron,MI,186.418886620384
Jones,IA,141.187354220515
Iron,WI,130.935845655158
Iroquois,IL,98.9860231533504
Irwin,GA,96.3208350558092
Isabella,MI,152.910045833143
Isanti,MN,152.354191909332
Island,WA,85.0076750179208
Isle of Wight,VA,91.5561749307065
Jackson,KS,121.152360691983
Issaquena,MS,139.706417112301
Jones,MS,96.1225031750018
Itasca,MN,130.837097791462
Izard,AR,107.492700588186
Jack,TX,76.5565581938613
Jackson,OR,109.870716484041
Jackson,AL,110.181165988202
Jackson Parish,LA,87.3658657739801
Jackson,AR,72.8053362412292
Jackson,CO,143.499999999998
Jasper,IA,136.663786912884
Jackson,FL,59.8979753679862
Jackson,KY,119.069102946908
Jackson,GA,99.5851108764608
Jackson,IA,123.69276508336
Jackson,IL,89.2779477144664
Jackson,MI,153.865977489875
Jackson,IN,100.31088546728
Jackson,MN,106.943979266347
Jackson,MO,132.640695246491
Jackson,MS,104.406441372875
Jackson,NC,100.291438095831
Jackson,SD,121.017617659306
Jasper,IL,91.4238600014497
Jackson,TN,108.096744664104
Jackson,TX,77.0999999999973
Jackson,WI,124.455749769996
Jackson,WV,90.8759195555044
James City,VA,79.700000000003
Jasper,GA,94.7585326265107
Jasper,MO,125.529925894444
Jasper,MS,104.609552799708
Jasper,SC,137.436674528304
Jasper,TX,113.575362313762
Jay,IN,119.823725242965
Jeff Davis,GA,101.438376360414
Jeff Davis,TX,95.2558441558429
Jefferson,ID,78.0000000000025
Jefferson,AL,125.866023901582
Jefferson,AR,102.873722349041
Jefferson,CO,115.08128222677
Jefferson,IL,87.5787636090848
Jefferson,FL,128.608626442338
Jefferson,IN,101.815206063476
Jefferson,GA,103.836611284474
Jefferson,IA,142.147326507396
Kalamazoo,MI,152.61622315502
Jefferson,KS,137.873676814982
Jefferson,KY,104.098898557247
Jefferson,MO,107.004211307948
Kalawao,HI,246.4
Jefferson,MS,108.059469089615
Jefferson,MT,60.2137984467426
Jefferson,NE,98.4122817062669
Jerome,ID,102.999999999999
Jefferson,NY,144.699999999982
Jefferson,OH,132.71379880915
Jefferson,OK,85.9106046501944
Jefferson,WI,145.135151503685
Jefferson,OR,107.456101237209
Jefferson,PA,61.2735063049379
Jefferson,TN,111.116088669603
Ransom,ND,92.2567010309287
Jefferson,TX,95.7000000000294
Labette,KS,134.811670136483
Jefferson,WA,83.8612095626108
Jennings,IN,101.654585891795
Jefferson,WV,114.400000000007
Jefferson Davis,MS,103.665301391032
Jefferson Davis Parish,LA,21.7908191570465
Jerauld,SD,109.779992421368
Jefferson Parish,LA,86.926065406838
Jenkins,GA,106.182235528942
Jersey,IL,73.9287373608556
Jessamine,KY,99.3356376750442
Jo Daviess,IL,142.301013682216
Johnson,AR,70.3775422853342
Johnson,IA,111.4365452743
Johnson,IL,97.9025303331274
Johnson,IN,99.3992336786531
Johnson,KS,105.61963817188
Johnson,WY,94.3783057537543
Johnson,KY,117.143466270685
Johnson,MO,111.145598010121
Johnson,TN,100.299999999999
Johnson,TX,77.6176202472789
Johnston,NC,105.588430162479
Johnston,OK,105.602707729612
Jones,NC,109.66835235288
Jones,SD,135.299999999999
Jones,TX,80.0220176255631
Kalkaska,MI,119.014442515427
Josephine,OR,110.621724712749
Juab,UT,88.4
Judith Basin,MT,66.1000726018655
Kanabec,MN,149.024193108179
Kanawha,WV,93.4000000000132
Juneau,WI,132.274446634875
Kankakee,IL,87.5000000000078
Juneau Borough,AK,118.399999999998
Juniata,PA,86.538860885397
Kandiyohi,MN,129.048030509651
Kane,IL,92.6553991964451
Kane,UT,88.400000000002
Kauai,HI,337.485489023322
Kaufman,TX,77.0999999999827
Kay,OK,69.0564867657783
Kearney,NE,111.339489671933
Kearny,KS,102.717595307917
Keith,NE,121.448868905433
Kendall,IL,87.8270794829343
Kendall,TX,93.1021251153085
Kent,MI,153.621926245852
Kenedy,TX,81.5196301564722
Kent,RI,184.300000000029
Kennebec,ME,146.19999999995
Kenosha,WI,151.661560658695
Kent,TX,89.1327160493825
Kent,DE,107.314577248327
Kenton,KY,93.6999999999917
Kent,MD,114.977684856828
Keokuk,IA,141.896040708207
Kern,CA,153.058641190978
Kerr,TX,81.8195432634597
Kimble,TX,83.6899280575536
King,TX,92.0082152974503
King,WA,88.2679275588952
Kershaw,SC,119.627422933898
Linn,KS,121.085173308905
Ketchikan Gateway Borough,AK,75.2705083496535
Kewaunee,WI,113.169259124976
Kingfisher,OK,101.756694775714
Keweenaw,MI,182.43732870207
King George,VA,99.0830221500569
Keya Paha,NE,133.520284697509
Kidder,ND,108.308720200754
Kimball,NE,93.8601067378241
Kingman,KS,134.948980222499
King & Queen,VA,99.2072417982968
Kings,CA,154.156729869099
Kings,NY,144.700000000003
Kingsbury,SD,95.6340040241398
King William,VA,94.5939601921745
Kiowa,OK,82.0440996431145
Kitsap,WA,83.7000000000397
Kittitas,WA,83.2182170738531
Lamar,MS,113.707168565013
Kittson,MN,128.88669900434
Lamoille,VT,164.970376260844
Klamath,OR,109.922037500247
Lamoure,ND,97.9457708458313
Kleberg,TX,77.1000000000072
Klickitat,WA,110.399999999996
Knott,KY,119.166480981816
Knox,IL,87.8144452903177
Knox,IN,114.586815728609
Knox,KY,97.8885707814322
Knox,ME,149.930579756557
Knox,MO,115.335174813547
Knox,NE,102.751356215453
Knox,OH,132.682249803304
Knox,TN,100.30000000002
Live Oak,TX,83.7141334569051
Knox,TX,77.0999999999994
Kodiak Island Borough,AK,174.414140369031
Lackawanna,PA,92.5000000000121
Koochiching,MN,127.415589535964
Kootenai,ID,20.1273786229374
Laclede,MO,98.268498143528
Lafayette,WI,122.205431043201
Lac Qui Parle,MN,100.992187019377
Lake,IN,130.027289491209
La Crosse,WI,133.331659072637
Lake,MI,152.513217699866
Lafayette,AR,103.713210666522
Lake,OR,102.628924818106
Lafayette,FL,123.526540375049
Lake,SD,105.347004991683
Lampasas,TX,104.751478397697
Lafayette,MO,114.075560897438
Lafayette,MS,96.2023948810517
Lafayette Parish,LA,38.4607613167923
Lafourche Parish,LA,85.857645049628
Lagrange,IN,129.723723637464
Lake,CA,151.499999999983
Lake,CO,115.581723380899
Lake,TN,108.593586063558
Lake,FL,115.246707397327
Lake,IL,87.5000000000126
Livingston,IL,89.8828470957154
Lake,MN,124.340347089899
Lake,MT,67.7197139189343
Lake,OH,120.449374701306
Lake of The Woods,MN,136.161237785011
Lake & Peninsula Borough,AK,181.899999999997
Lamar,AL,128.417570629312
Lamar,GA,108.521589678492
Lamar,TX,79.5460805265812
Lamb,TX,100.319238233872
Lancaster,NE,91.9499716206589
Lancaster,PA,92.6904470603581
Lancaster,VA,88.1839523761081
Los Alamos,NM,132.800000000004
Los Angeles,CA,157.05162951028
Lancaster,SC,93.537325181528
Lander,NV,80.0000000000013
Lapeer,MI,155.999905316498
La Plata,CO,154.200000000024
Laporte,IN,128.169984019854
Laramie,WY,151.514670913236
La Salle,IL,91.1050770890074
Larimer,CO,104.142207995347
La Salle,TX,83.2998492557016
Larue,KY,99.3637793765011
Lauderdale,MS,103.078243122944
Lauderdale,TN,113.906266610771
Laurel,KY,108.001595440438
La Salle Parish,LA,88.8737319473942
Las Animas,CO,123.780233134879
Lassen,CA,150.04603992741
Latah,ID,13.6849598987401
Latimer,OK,96.0480919387368
Lauderdale,AL,111.2
Laurens,GA,108.905515605301
Lavaca,TX,100.865128205121
Lawrence,AL,113.385030299051
Laurens,SC,110.295269891879
Lawrence,AR,101.865802461698
Lawrence,IL,94.5255125750288
Lawrence,KY,119.975599963502
Lawrence,MO,123.243395175601
Lawrence,MS,101.422396404293
Lyon,MN,105.830730274092
Lawrence,OH,135.281310756407
Lawrence,PA,124.486517886965
Lawrence,SD,138.565205066872
Lawrence,TN,100.497327580413
Lea,NM,95.0284387963277
Leake,MS,99.9134722688426
Leavenworth,KS,131.634701269685
Lebanon,PA,126.982811677579
Lee,AL,125.984163639753
Lee,GA,103.967291981846
Lee,AR,102.787014262656
Lee,IL,87.4999999999911
Lee,FL,94.0992593455709
Lee,KY,115.439038601606
Lee,IA,144.526481152147
Logan,ND,110.773749187786
Lee,MS,98.9953835324164
Lee,NC,111.224746975717
Logan,NE,118.2
Lee,SC,104.282687810573
Lee,TX,96.7847733443471
Lee,VA,79.6999999999968
Lenawee,MI,154.792557211096
Leelanau,MI,99.3109220424081
Lenoir,NC,110.168063914111
Leflore,MS,101.769764889332
Lewis,MO,115.341712365897
Le Flore,OK,85.0511380879373
Lehigh,PA,93.1567409749142
Lemhi,ID,97.5696291600794
Leon,FL,118.80930626104
Lewis,NY,144.700000000004
Logan,OH,124.48852942309
Leon,TX,44.1369008982932
Leslie,KY,118.354401384998
Madison,AR,96.4265243619498
Le Sueur,MN,122.025757337112
Lincoln,CO,139.056192525929
Letcher,KY,118.465744833353
Levy,FL,128.552600249517
Lincoln,MN,110.421821862344
Lewis,ID,50.6673388700336
Lincoln,NV,79.9598394708093
Lewis,KY,104.177382857145
Lewis,TN,100.300000000004
Lewis,WV,101.83435688529
Lewis & Clark,MT,15.3646798257357
Lewis,WA,79.7498075278269
Liberty,MT,78.9254742870916
Lexington,SC,142.393282184246
Lexington City,VA,79.7
Liberty,FL,75.8885186693509
Liberty,GA,103.292760266221
Liberty,TX,96.5565461477572
Licking,OH,131.034444071465
Lincoln,WI,109.57983898021
Limestone,AL,97.3972477294063
Limestone,TX,77.0999999999921
Lincoln,AR,106.468590630127
Lincoln,GA,106.439717083787
Lincoln,ID,102.533255542591
Lincoln,KS,141.573120567374
Lincoln,KY,103.228786429438
Lincoln,ME,146.167056667598
Lincoln,MO,106.386616940291
Lincoln,MS,96.5474772036508
Lincoln,MT,94.818883140595
Lincoln,NC,95.8913342713048
Lincoln,NE,105.192554886965
Lincoln,NM,143.239235513079
Lincoln,OK,83.8116275096063
Lincoln,OR,99.6686950556348
Madison,MO,99.7079039956695
Lincoln,SD,96.3882964594658
Lincoln,WY,94.446512468374
Lincoln,TN,109.090669444779
Lincoln Parish,LA,73.070660322503
Linn,IA,144.52701551973
Lincoln,WA,92.1347628684842
Lincoln,WV,93.4000000000041
Linn,MO,105.798335155943
Linn,OR,110.133792761262
Lipscomb,TX,105.137040714995
Litchfield,CT,192.400000000063
Little River,AR,87.8584647581212
Livingston,KY,104.390179898267
Llano,TX,79.543888491783
Livingston,MI,155.901357784768
Livingston,MO,117.424552407637
Livingston,NY,137.205568938897
Logan,KS,121.913088012139
Logan,KY,96.6742688737439
Livingston Parish,LA,97.1971428261718
Logan,AR,82.0982360408024
Logan,CO,131.688318892641
Logan,IL,88.001450341476
Logan,OK,93.3916101928355
Long,GA,108.333095338094
Logan,WV,93.3999999999998
Lonoke,AR,102.699999999986
Lorain,OH,116.741976016895
Loudon,TN,101.63011820406
Madison,NE,97.7104739421478
Loudoun,VA,79.6999999999978
Louisa,IA,134.885689293353
Louisa,VA,104.885630158367
Loup,NE,118.731034482759
Madison,OH,120.875564251393
Love,OK,106.05011150551
Loving,TX,77.0999999999999
Lowndes,AL,139.847873202027
Lowndes,MS,105.512885082888
Lowndes,GA,98.5719897206727
Lubbock,TX,100.557836997801
Lucas,IA,144.62413744344
Lucas,OH,122.376025771667
Luce,MI,117.656733466936
Lynn,TX,97.6064838435378
Lumpkin,GA,105.404245040425
Luna,NM,129.996253703596
Lyon,IA,103.151521276269
Lunenburg,VA,101.30987134784
Lyon,KS,132.565802947048
Luzerne,PA,97.9834842180066
Lyon,KY,99.4490998668402
Lycoming,PA,92.7572965032649
Lyman,SD,133.511744186045
Lynchburg City,VA,113.5
Lyon,NV,79.9999999999925
Macon,AL,131.584442289284
Mackinac,MI,122.063793103447
Macomb,MI,149.268999932625
Madison,TN,110.101390178588
Macon,GA,103.380604256258
Macon,IL,88.192524965025
Mahnomen,MN,115.085873865487
Macon,MO,127.384923151984
Macoupin,IL,81.5113849543163
Madera,CA,151.500061588435
Macon,NC,99.025143011754
Macon,TN,100.300000000006
Madison,AL,96.8386883989592
Russell,KY,103.02645343244
Madison,FL,126.888565697092
Mahoning,OH,117.599906419928
Madison,GA,101.214767596275
Madison,IA,126.874974156563
Madison,ID,78.0770124213547
Major,OK,86.2246945860246
Madison,IL,86.4077674389745
Madison,IN,107.030155580687
Madison,KY,99.3492486603244
Madison,MS,83.0714077172844
Madison,MT,93.5197181142318
Madison,NC,121.208764397162
Madison,NY,127.754018450809
Madison,TX,99.5011688950522
Manatee,FL,93.0906588454425
Madison,VA,116.787527002915
Marion,IL,87.6600600189239
Madison Parish,LA,85.8891636431391
Mariposa,CA,151.52001894966
Magoffin,KY,116.90446977459
Mahaska,IA,104.843223463373
Malheur,OR,88.6999999999937
Manassas City,VA,87.1522415039783
Manassas Park City,VA,88.235034937888
Manistee,MI,112.651649509783
Manitowoc,WI,113.83941807841
Saint James Parish,LA,85.9663215946779
Marathon,WI,110.902998913594
Maries,MO,105.516496237054
Marengo,AL,123.385588714052
Maricopa,AZ,96.3346527559141
Marion,GA,110.467004608293
Marin,CA,151.499999999995
Marinette,WI,110.674737653902
Marion,AL,129.581517217131
Marion,AR,103.111322423573
Marion,IA,112.404203511058
Martin,IN,115.244370635321
Marion,FL,114.696624970853
Marion,IN,103.398459188262
Marion,KS,124.911400359066
Marion,KY,103.168882514349
Marion,MO,114.143425413757
Marion,MS,110.352402372719
Marion,OH,119.225039558411
Marion,OR,69.5550130859732
Marion,SC,104.893711881235
Marion,TN,110.539461614201
Marion,TX,86.0137820570878
Marion,WV,101.991246530234
Marlboro,SC,120.88317179379
Marshall,IL,87.5820112932855
Marquette,MI,213.755048383721
Marquette,WI,142.462969160162
Marshall,AL,109.287390931702
Marshall,IA,144.37687519365
Martinsville City,VA,102.190585526363
Marshall,KS,129.687022025119
Marshall,KY,107.908688135178
Marshall,MS,103.832863957428
Marshall,MN,120.860408163265
Martin,FL,91.099999999994
Marshall,OK,104.900589559635
Marshall,SD,110.363548203077
Marshall,TN,104.867368298618
Marshall,WV,93.3999999999892
Martin,KY,119.034525825559
Martin,MN,114.66397866839
Martin,NC,91.8657124815872
Martin,TX,77.3510460251049
Mason,IL,99.7145902608587
Mason,KY,99.9747476365945
Mason,MI,152.656607405368
Mason,TX,77.1000000000012
Massac,IL,86.9172267967117
Mason,WA,103.467703990952
Mason,WV,93.4000000000012
Matagorda,TX,77.2212080536822
Mcdonough,IL,87.5000000000043
Matanuska Susitna Borough,AK,196.094095986309
Mathews,VA,79.6999999999979
Mcnairy,TN,110.998254351502
Maui,HI,287.000000000046
Maury,TN,104.148415545215
Mcpherson,KS,115.646825132982
Maverick,TX,78.6112861474766
Mayes,OK,89.7379534709174
Mcpherson,NE,115.876839237057
Mcpherson,SD,94.7000000000014
Mcclain,OK,86.6846410363511
Meade,KS,102.437576800198
Mccone,MT,134.140757749714
Mccook,SD,98.4686567164181
Mccormick,SC,127.546445893961
Mccracken,KY,134.064571514674
Mccreary,KY,103.376854986414
Mcculloch,TX,77.0999999999987
Mccurtain,OK,92.453600744474
Mcdonald,MO,124.254658721568
Mcdowell,NC,105.475368602049
Mcdowell,WV,93.3999999999909
Mclean,KY,103.862591322501
Mcduffie,GA,101.777499444569
Mclennan,TX,88.800000000027
Mchenry,IL,87.5000000000035
Mchenry,ND,91.4278481012674
Mcleod,MN,126.057393869859
Mcintosh,GA,102.916666666667
Mcintosh,ND,116.175575620768
Mcintosh,OK,104.716673649611
Mc Kean,PA,95.3544934772192
Mower,MN,127.007495027432
Mckenzie,ND,91.2547453516589
Mckinley,NM,111.516624794824
Mclean,IL,88.1649606336919
Mclean,ND,103.579635258356
Mcminn,TN,111.062189241905
Mc Mullen,TX,98.3042360060513
Sherman,NE,117.455059182895
Meade,KY,105.650191822016
Mecklenburg,VA,97.9265119895302
Sherman,OR,107.693017751478
Meade,SD,136.114207170855
Meagher,MT,103.494125874126
Sherman,TX,99.055544387888
Mecklenburg,NC,103.881280695949
Mecosta,MI,151.590866377319
Medina,TX,89.0489734789368
Meeker,MN,111.374519598054
Miami,IN,120.949727437912
Meigs,OH,133.735881929569
Menard,IL,91.6829063621208
Meigs,TN,107.298051824016
Mellette,SD,106.781573352232
Menard,TX,79.8872100313484
Mendocino,CA,151.499999999971
Menominee,WI,132.073342145845
Menifee,KY,110.212724434036
Mercer,IL,87.5000000000074
Stephens,GA,106.826131882396
Menominee,MI,91.2673305351494
Merced,CA,155.823910211912
Mercer,KY,101.081123092813
Mercer,MO,121.73794829024
Mercer,ND,92.6479285293127
Mercer,PA,126.066355055956
Muskingum,OH,133.003481704789
Mercer,NJ,162.132072807321
Mercer,OH,117.122869516734
Mercer,WV,93.4000000000028
Meriwether,GA,104.173698667765
Merrick,NE,103.648507592948
Merrimack,NH,152.052213585437
Mesa,CO,127.590686070018
Metcalfe,KY,98.2306622583893
Miami,KS,105.174276950049
Miami,OH,122.95603311866
Mifflin,PA,80.3607749845995
Miami Dade,FL,91.2894818010512
Mille Lacs,MN,150.504345623975
Middlesex,CT,192.252928176741
Middlesex,MA,154.186460971364
Miller,GA,113.437621621623
Middlesex,NJ,158.528299622555
Middlesex,VA,79.7000000000044
Midland,MI,153.999999999997
Midland,TX,77.1000000000031
Milam,TX,94.1396574864775
Millard,UT,88.4000000000016
Miller,AR,85.2533698081026
Miller,MO,103.616882190858
Mills,IA,102.435326395461
Mitchell,KS,137.268369901336
Mills,TX,97.0679802955678
Monroe,OH,119.454407565426
Milwaukee,WI,152.692201618615
Miner,SD,102.773443320916
Mineral,CO,155.115930232558
Mineral,MT,92.4340045164124
Mineral,NV,80.4249810471234
Mineral,WV,114.399999999992
Mingo,WV,93.4000000000028
Minidoka,ID,77.7877915942126
Minnehaha,SD,103.084708638823
Missaukee,MI,153.935123788639
Mississippi,AR,94.5230818899817
Montague,TX,73.6782441578554
Mississippi,MO,106.983196643144
Mitchell,GA,116.487129820435
Missoula,MT,23.9931364750897
Mitchell,IA,128.863053733745
Mitchell,NC,100.887510771312
Mitchell,TX,77.2929944118841
Mobile,AL,126.599612738913
Modoc,CA,145.247849174
Moffat,CO,113.400367872471
Mohave,AZ,106.969408534244
Moniteau,MO,89.5731631484452
Monona,IA,117.346866750033
Monmouth,NJ,133.776596076193
Mono,CA,157.526226378951
Monroe,IA,128.404280274183
Monongalia,WV,114.399999999993
Monroe,IL,81.1216818018447
Montgomery,AR,102.893134598016
Monroe,AL,123.145004119747
Monroe,IN,102.281893034237
Monroe,AR,102.802855536442
Monroe,FL,110.283064374251
Monroe,GA,97.7032857733242
Monroe,MI,155.549400468667
Monroe,MO,101.085632729317
Monroe,MS,103.006422820039
Monroe,NY,127.058747722546
Monroe,PA,85.617378492191
Montgomery,IN,116.033259652961
Monroe,TN,110.284739751728
Monroe,WI,133.116547754187
Monroe,WV,75.6154532183734
Montcalm,MI,151.645797098464
Monterey,CA,151.499999999924
Montezuma,CO,96.599999999992
Montgomery,AL,126.232401923824
Montgomery,GA,113.055306091903
Montgomery,IA,105.119535593587
Montgomery,IL,58.9869131852289
Montgomery,KS,124.773320089227
Montgomery,KY,101.256325301207
Morgan,IL,86.5216060932999
Montgomery,MD,109.941487768608
Morris,KS,139.943625364105
Morris,NJ,132.912195068405
Montgomery,MO,107.025737482866
Montgomery,MS,91.587735491212
Montgomery,OH,122.411079125405
Montgomery,PA,94.0447965294337
Montgomery,NC,110.510778720503
Montgomery,NY,144.699999999987
Montgomery,TN,100.300000000013
Montmorency,MI,151.147828414482
Montour,PA,92.5000000000006
Montgomery,TX,99.5011080102381
Montrose,CO,136.432623206925
Montgomery,VA,108.119684630632
Moody,SD,96.5732276289391
Moore,NC,109.774231298683
Morrow,OR,100.728247149835
Moore,TN,106.595831873947
Moore,TX,99.2501512346972
Morton,KS,106.714830647813
Mora,NM,174.548226715277
Morehouse Parish,LA,85.8051931410028
Morgan,AL,112.26483785794
Morgan,CO,120.255909287421
Morgan,GA,98.6603953646856
Morgan,IN,118.454117377134
Morgan,MO,111.2397162504
Motley,TX,86.583944954128
Morgan,KY,112.053372068891
Morgan,TN,111.737727829717
Morgan,UT,88.3999999999993
Moultrie,IL,95.1253451765817
Morgan,WV,114.400000000004
Morrill,NE,111.060739436618
Morris,TX,84.7143767234579
Mountrail,ND,83.02747918244
Morrison,MN,102.097156920509
Morrow,OH,122.250492846681
Morton,ND,109.785228966992
Muhlenberg,KY,98.3507464311539
Multnomah,OR,88.6993267211563
Murray,GA,96.4022884198041
Murray,MN,113.563888888895
Murray,OK,105.573538788783
Muscatine,IA,114.882752419327
Natrona,WY,95.383183584272
Muscogee,GA,98.3196280483171
Muskegon,MI,153.873602546759
Muskogee,OK,106.139033583835
Nemaha,KS,115.280618357492
Musselshell,MT,52.6531125666957
Nacogdoches,TX,77.100000000004
Nance,NE,105.195590327169
Nantucket,MA,199.399999999995
Napa,CA,151.499999999988
Nash,NC,108.365920891089
Nemaha,NE,103.694253754217
Nassau,FL,91.1000000000071
Nassau,NY,142.182156300516
Natchitoches Parish,LA,94.5257283853842
Navajo,AZ,111.03508667137
Neosho,KS,119.75972356935
Neshoba,MS,105.962122728468
Navarro,TX,77.2396979354386
Nelson,KY,90.4464897898382
Nelson,ND,91.0962695089437
Nelson,VA,120.522140051173
Ness,KS,121.982756346854
Nevada,AR,61.673735141436
Nevada,CA,151.379537902349
Newton,AR,99.3950037260251
Newaygo,MI,153.029477375316
Newton,GA,98.7105203515832
Newberry,SC,87.7929929005245
New Castle,DE,106.180153127878
Newton,IN,112.416085702398
New Hanover,NC,107.781281480434
New Haven,CT,204.632904613429
Newton,MO,128.850431164904
New Kent,VA,79.6999999999956
New London,CT,186.093222896546
New Madrid,MO,104.079987466072
Newton,MS,102.246361898374
Newport,RI,184.300000000011
Newport News City,VA,79.7000000000085
Newton,TX,98.2523625218402
Noble,IN,116.113630934535
New York,NY,144.699999999999
Nez Perce,ID,13.6405893290714
Noble,OH,141.762307070855
Niagara,NY,137.999600880916
Noble,OK,70.5796687591493
Nicholas,KY,101.718228200369
Nobles,MN,112.19121971211
Rawlins,KS,121.563782505912
Nicholas,WV,108.607801289094
Nicollet,MN,131.526885388607
Niobrara,WY,94.4000000000006
Nodaway,MO,121.284838354448
Nolan,TX,79.0561402235467
Nome Census Area,AK,376.385648399354
Norfolk City,VA,79.7000000000032
Norfolk,MA,153.000545041689
Norman,MN,116.806964596633
Nye,NV,117.047582555315
Northampton,NC,86.4999999999996
Obion,TN,106.155385591673
Northampton,PA,87.9988704223913
Obrien,IA,97.0498262950703
Northampton,VA,116.700000000002
North Slope Borough,AK,154.133802472149
Northumberland,VA,107.746087450316
Northwest Arctic Borough,AK,387.986223169845
Northumberland,PA,92.5000000000024
Norton,KS,113.412818471336
Nottoway,VA,93.5760960581413
Nowata,OK,89.2924593901273
Noxubee,MS,115.26929897289
Nuckolls,NE,98.3406999717745
Nueces,TX,77.1000000000002
Oakland,MI,155.987615039744
Ochiltree,TX,101.043371693354
Ocean,NJ,131.060854806055
Oceana,MI,144.171688318589
Oconee,GA,104.752845419073
Oconto,WI,126.411157582453
Oconee,SC,83.893800821827
Ogemaw,MI,153.999999999994
Ogle,IL,89.7417947075008
Okaloosa,FL,91.0999999999879
Okanogan,WA,84.9839734341921
Oglethorpe,GA,110.30864787894
Ohio,IN,121.254992435703
Ohio,KY,99.7334749591159
Ohio,WV,93.4000000000038
Okeechobee,FL,91.4902010204805
Osage,KS,125.084646607255
Okfuskee,OK,91.7794653401427
Oklahoma,OK,104.46152860905
Okmulgee,OK,100.646716325167
Oktibbeha,MS,111.243144615825
Oldham,KY,102.080401743022
Oldham,TX,99.6484777517574
Oliver,ND,89.1286907005692
Olmsted,MN,137.329807095223
Otero,NM,133.633333333321
Oneida,ID,77.9495970847201
Oneida,WI,109.566853932572
Oneida,NY,144.029990565725
Quay,NM,105.408574240372
Onondaga,NY,143.93029178805
Queen Annes,MD,115.115623581621
Queens,NY,144.699999999981
Rio Grande,CO,146.009019821785
Onslow,NC,108.634239427677
Ontario,NY,124.15307694545
Ontonagon,MI,146.826975884567
Orange,CA,163.214704731158
Orange,FL,114.942677862606
Orange,IN,115.299478057084
Orange,NC,108.355012078471
Orange,TX,95.6999999999931
Orange,NY,177.75112377411
Orleans,NY,144.700000000008
Orange,VA,97.8573252688058
Orleans,VT,185.522480054247
Orange,VT,156.693664238538
Orangeburg,SC,130.121021348834
Oregon,MO,100.163325867857
Orleans Parish,LA,100.684536862114
Osage,MO,106.264607100327
Osage,OK,91.5528048039535
Osborne,KS,140.685749690212
Ripley,IN,108.356525908039
Osceola,FL,118.630504401675
Osceola,IA,104.84634541405
Osceola,MI,152.414307613657
Oscoda,MI,154.2106435417
Ottawa,KS,125.429019102811
Oswego,NY,144.699999999968
Otero,CO,99.4403766179012
Otoe,NE,109.564735125053
Otsego,MI,152.739051235214
Slope,ND,99.9691285081242
Otsego,NY,103.306734242489
Ottawa,MI,145.802087146559
Ottawa,OH,116.268009684629
Ottawa,OK,92.0977222173556
Otter Tail,MN,113.611525001743
Quitman,GA,97.395652173913
Ouachita,AR,105.535654319302
Ouachita Parish,LA,86.0066219740528
Owen,IN,121.547919377964
Ouray,CO,155.899999999995
Ozark,MO,117.827726841601
Outagamie,WI,144.915434405494
Overton,TN,108.03712629529
Owen,KY,94.9320000000012
Ozaukee,WI,149.338242913742
Owsley,KY,119.100715258853
Owyhee,ID,101.886244354938
Palo Pinto,TX,77.4206899563341
Oxford,ME,146.157758440676
Pacific,WA,83.1000000000052
Page,IA,104.179397059922
Page,VA,113.900000000006
Palm Beach,FL,91.2455128426223
Palo Alto,IA,112.941267104831
Pamlico,NC,122.547604850072
Panola,MS,103.642951149315
Panola,TX,83.0046400888306
Park,CO,128.201603624911
Park,MT,35.8757334428002
Park,WY,109.462025366022
Parke,IN,125.204641350209
Paulding,OH,120.382672963761
Parker,TX,77.546691735437
Parmer,TX,101.415904265586
Pasco,FL,117.59531720807
Pasquotank,NC,122.60194599792
Pawnee,KS,125.848296780214
Pawnee,NE,107.899999999999
Passaic,NJ,160.112796518862
Pennington,MN,117.329857615411
Pennington,SD,137.991491664856
Patrick,VA,113.497595161873
Paulding,GA,98.3351753326727
Pawnee,OK,95.3623209827774
Payette,ID,102.999999999994
Payne,OK,71.3089326912709
Peach,GA,104.361644987166
Perkins,SD,107.199999999999
Pearl River,MS,98.4275801566909
Pecos,TX,82.3051110901722
Pembina,ND,91.4000000000002
Perry,OH,129.325021053363
Pemiscot,MO,107.782690871536
Penobscot,ME,124.167990261199
Pender,NC,112.391764988905
Pendleton,KY,96.4224167250158
Pendleton,WV,114.400000000001
Pend Oreille,WA,70.6581914993076
Peoria,IL,87.4999999999982
Pepin,WI,134.787805286046
Perkins,NE,115.303373872109
Perquimans,NC,103.928756601054
Perry,AL,124.832706907283
Petersburg City,VA,79.6999999999992
Petroleum,MT,155.069101123595
Perry,AR,102.700000000003
Perry,IL,97.6852852600559
Perry,IN,120.147803445343
Perry,KY,119.3993505335
Pettis,MO,109.944517161882
Perry,MO,139.800000000007
Perry,MS,98.7154200230142
Perry,PA,92.4999999999915
Phillips,KS,121.783191817833
Phillips,MT,101.799999999999
Perry,TN,100.300000000004
Pershing,NV,80.0000000000005
Person,NC,113.380627133097
Phelps,MO,96.8209727957125
Phelps,NE,99.0203614614504
Piatt,IL,95.2391129620893
Philadelphia,PA,92.4999999999938
Pierce,ND,91.4088284102234
Phillips,AR,102.729109688922
Phillips,CO,109.459693165967
Pickaway,OH,125.141967207731
Pickens,AL,126.121449933114
Pickens,GA,102.065982564484
Pickens,SC,93.7567837161283
Pickett,TN,107.330980241662
Pierce,GA,103.392811787693
Pierce,NE,100.606018036769
Pierce,WA,84.0654203838525
Pierce,WI,130.718232597675
Pike,IL,84.6466387778836
Pike,AL,110.412432624288
Pike,MO,110.147499276382
Pike,AR,104.299050913731
Pike,GA,104.916408919895
Pike,IN,118.263695581372
Pike,KY,119.380180819355
Pike,MS,93.2040649347424
Pike,PA,106.728086988584
Pima,AZ,112.431577283918
Pine,MN,141.03950898984
Pinal,AZ,82.5537676947512
Pinellas,FL,118.505916298267
Pipestone,MN,125.138046577946
Portage,WI,113.029714340847
Piscataquis,ME,139.037075758764
Potter,TX,100.296218346474
Pitkin,CO,110.19745545971
Pitt,NC,109.13071463497
Powder River,MT,138.631461887068
Pittsburg,OK,90.8776428092956
Piute,UT,88.3999999999998
Placer,CA,152.041629763829
Pittsylvania,VA,91.3921307793363
Plaquemines Parish,LA,85.9000000000006
Platte,MO,130.661373353971
Platte,NE,110.948157224068
Pleasants,WV,114.353450885689
Poinsett,AR,101.953380592731
Plumas,CA,151.499999999995
Plymouth,IA,92.9268153015709
Polk,GA,96.9767545405063
Plymouth,MA,153.630079523886
Pocahontas,IA,116.030786373766
Pocahontas,WV,114.400000000009
Pointe Coupee Parish,LA,84.8999999999968
Polk,AR,96.9884988373413
Polk,FL,110.667324160237
Polk,IA,102.588683984389
Polk,MN,118.034159486999
Polk,MO,109.504345905138
Polk,NC,106.589408188473
Polk,NE,111.236447688565
Pope,IL,99.2609976857683
Polk,OR,79.9889801659807
Polk,TN,105.817150165079
Pope,MN,128.0637552697
Polk,TX,97.0106924615946
Poquoson City,VA,79.6999999999994
Polk,WI,137.355842618793
Portage,OH,117.601058409007
Pondera,MT,45.5845111746356
Pontotoc,MS,111.657625624777
Pontotoc,OK,105.373415471501
Pope,AR,102.684071236849
Porter,IN,129.075609692948
Portsmouth City,VA,79.6999999999998
Quitman,MS,85.0031082852764
Posey,IN,143.888867525476
Powhatan,VA,102.777142857134
Pottawatomie,KS,125.359460993018
Pottawatomie,OK,100.6018033673
Pratt,KS,138.346655622286
Pottawattamie,IA,102.991845206727
Potter,PA,104.807709470936
Potter,SD,106.33694011072
Powell,KY,110.256639334235
Preble,OH,123.172938321144
Prentiss,MS,94.4990328227941
Powell,MT,101.565870052279
Putnam,IN,107.981351739278
Power,ID,102.637418419143
Poweshiek,IA,134.365179886391
Radford City,VA,98.2436759676766
Prairie,AR,102.707851104341
Prairie,MT,109.604739884393
Presidio,TX,88.5766737513273
Putnam,OH,124.318893404936
Presque Isle,MI,156.780871216822
Preston,WV,114.399999999993
Price,WI,154.298450276325
Prince Edward,VA,90.3848325869025
Putnam,WV,93.4000000000063
Prince George,VA,80.0750840116557
Providence,RI,184.07655830159
Prince Georges,MD,116.742349574483
Prince of Wales Outer Ketchikan Census Area,AK,181.899999999997
Prince William,VA,79.9903615255804
Pulaski,AR,102.662001676231
Pulaski,GA,100.120466165413
Pulaski,IL,86.3666427095384
Pulaski,IN,108.302847797925
Randolph,AL,124.762690586855
Pulaski,KY,102.011407277036
Pulaski,MO,83.2178301962446
Pulaski,VA,112.897967242547
Pushmataha,OK,101.619326606557
Putnam,FL,98.5796911715187
Putnam,GA,104.540435679302
Putnam,MO,102.675262576009
Putnam,NY,117.426624818716
Putnam,TN,105.710243660142
Rabun,GA,108.624135608844
Racine,WI,152.675913267951
Rains,TX,113.440090407671
Raleigh,WV,93.7540187970317
Ralls,MO,126.238378429002
Stephens,OK,84.7474158863536
Ramsey,MN,131.804187660024
Randolph,AR,118.009938738219
Ramsey,ND,91.4000000000016
Randall,TX,100.321576693165
Randolph,IL,90.8246339631582
Randolph,IN,116.282553979736
Randolph,MO,107.574364553103
Randolph,NC,110.558921787849
Rappahannock,VA,118.8
Ravalli,MT,29.7734873459844
Stephens,TX,78.6238470052888
Randolph,WV,114.399999999996
Rankin,MS,90.7072082223664
Rapides Parish,LA,113.699570481446
Ray,MO,111.935070844256
Reagan,TX,79.2248595848595
Real,TX,83.0948466257668
Red Lake,MN,112.520943780949
Red River,TX,102.880409289496
Red River Parish,LA,103.949092209162
Red Willow,NE,125.855950540955
Redwood,MN,118.729737402425
Reno,KS,132.072286511302
Reeves,TX,77.914748097488
Refugio,TX,78.1721802282475
Rensselaer,NY,140.07202416921
Republic,KS,137.47477744807
Schuyler,NY,91.158204616592
Renville,MN,110.572373161214
Renville,ND,100.894515633008
Reynolds,MO,104.130678736923
Rhea,TN,102.719409085501
Rice,KS,123.351341039164
Rice,MN,135.282672043976
Richland,OH,120.075176655711
Richland,SC,144.363174792661
Rich,UT,88.3999999999993
Richardson,NE,100.038900724329
Richland,IL,95.486908967355
Scotland,MO,139.396779556972
Richland,MT,45.0956073947187
Richland,ND,93.4768760169009
Richland,WI,115.823569123642
Richland Parish,LA,85.7991244885125
Richmond,NY,144.699999999998
Richmond,GA,99.5327231740642
Ringgold,IA,139.539348813732
Scotts Bluff,NE,137.164566451932
Richmond,NC,110.184463797592
Rio Blanco,CO,107.831731402243
Richmond,VA,118.099245588031
Richmond City,VA,79.6999999999936
Riley,KS,131.576010400519
Rio Arriba,NM,130.793683954089
Ripley,MO,97.8999999999973
Roane,TN,101.675003401174
Ritchie,WV,114.399999999997
Riverside,CA,159.241503653496
Roane,WV,106.488315988236
Roanoke City,VA,113.484752826728
Roanoke,VA,113.623960116283
Roberts,SD,99.4367520315171
Roberts,TX,103.658052884615
Rock,NE,133.599999999999
Robertson,KY,103.065962891874
Rock,WI,130.706955315817
Robertson,TN,99.5842508085783
Rockingham,NC,105.072076461362
Robertson,TX,64.2511612338355
Robeson,NC,79.7062695208736
Rock,MN,100.316815320041
Rockbridge,VA,98.078399952344
Rockland,NY,193.998708134667
Rockcastle,KY,108.318218730686
Rockdale,GA,97.8421457134817
Rockingham,NH,153.690982712152
Rockwall,TX,77.100801777439
Stephenson,IL,87.5000000000019
Rockingham,VA,95.5065188091676
Rolette,ND,91.444424148325
Rock Island,IL,87.5000000000238
Sterling,TX,96.2725728155338
Roger Mills,OK,119.310058346025
Rogers,OK,102.69803055312
Rooks,KS,115.620924884957
Roosevelt,MT,99.9027899541597
Roosevelt,NM,98.4041487759956
Roscommon,MI,153.999999999994
Roseau,MN,105.406659126247
Ross,OH,129.440980498014
Steuben,IN,124.802900142345
Rosebud,MT,111.670720865454
Stokes,NC,107.146009050129
Routt,CO,113.507127971593
Rowan,KY,102.724659559571
Rush,KS,115.993388429754
Rowan,NC,101.969766152284
Runnels,TX,84.9584189916772
Rush,IN,106.964800231196
Rusk,TX,81.06347896097
Rusk,WI,136.574767678555
Stonewall,TX,81.3688028169011
Russell,AL,124.582868698565
Russell,KS,125.283254637436
Russell,VA,109.706314276845
Shelby,MO,115.537563072323
Rutherford,NC,104.602847461409
Saginaw,MI,153.999999999958
Rutherford,TN,99.582473909695
Rutland,VT,144.897899887513
Saint Charles Parish,LA,85.8726291334072
Sabine,TX,108.286315789472
Sagadahoc,ME,146.199999999995
Sabine Parish,LA,103.804233067073
Sac,IA,100.328594322347
Shelby,OH,120.851321272293
Sacramento,CA,139.21198447068
Saguache,CO,122.922074309559
Tipton,IN,98.9192087454635
Saint Bernard Parish,LA,87.0127829463058
Tishomingo,MS,96.1000000000002
Saint Charles,MO,106.10699357071
Saint Clair,AL,126.531030284035
Saint Clair,IL,87.2911933550709
Saint Francis,AR,102.806594253237
Saint Clair,MI,155.999999999992
Saint Clair,MO,115.242106056042
Saint Croix,WI,128.601390602758
Sainte Genevieve,MO,139.592498604308
Saint Francois,MO,106.287281144158
Saint Helena Parish,LA,96.0390075062884
Saint Johns,FL,96.5517277911849
Saint John The Baptist Parish,LA,86.1354111143299
Towner,ND,91.3999999999997
Saint Joseph,IN,112.654499087076
Saint Joseph,MI,105.954248414309
Saint Louis City,MO,107.299999999999
Saint Landry Parish,LA,106.755879017005
Saint Lucie,FL,91.0999999999887
Saint Martin Parish,LA,88.5126076179842
Saint Lawrence,NY,138.618085965109
Saint Louis,MN,111.302256373375
Saint Mary Parish,LA,111.400885212002
Saint Louis,MO,107.262754786448
Saint Marys,MD,130.699999999998
Saint Tammany Parish,LA,108.728157653283
Salem City,VA,116.285543795478
Salem,NJ,124.199999999967
Sanborn,SD,106.334025122884
Saline,AR,100.34081367331
Saline,IL,98.5363022455792
Saline,KS,132.203461323378
Sanders,MT,97.2155541319659
Saline,MO,132.057315016866
Saline,NE,95.8563439132131
Salt Lake,UT,88.3999999999693
Saluda,SC,143.456581365761
San Francisco,CA,151.500000000001
Wyoming,PA,63.2042971051349
Sampson,NC,112.891383329226
San Augustine,TX,115.501310401314
Sheridan,MT,95.6487706298411
San Benito,CA,151.499999999995
San Bernardino,CA,159.356852772876
San Diego,CA,207.093442268587
San Juan,CO,155.895367847411
Sandoval,NM,127.338496122892
Sandusky,OH,124.794684128857
Sangamon,IL,97.714429821023
Sanilac,MI,145.010580224408
San Jacinto,TX,98.7483584817248
San Joaquin,CA,154.036653132518
Sanpete,UT,88.4000000000017
San Juan,NM,98.9854368932414
San Juan,UT,88.3999999999969
Santa Cruz,AZ,107.815564697816
San Juan,WA,133.499999999995
San Luis Obispo,CA,151.500000000044
Sarasota,FL,91.2252757296726
San Mateo,CA,151.891729665278
Sargent,ND,94.8585679147292
San Miguel,CO,155.465432865476
San Miguel,NM,135.486548153931
San Patricio,TX,77.9338617983847
San Saba,TX,90.1272039271834
Santa Barbara,CA,155.579896792659
Santa Clara,CA,144.467315196111
Santa Cruz,CA,151.500000000033
Santa Fe,NM,126.677105825916
Sarpy,NE,108.645690938802
Santa Rosa,FL,90.9769945825358
Saratoga,NY,136.88542478209
Sauk,WI,128.158646109352
Schenectady,NY,144.700000000004
Saunders,NE,104.649021157253
Sawyer,WI,125.181412994949
Schleicher,TX,84.334649980446
Schley,GA,105.212631871182
Schoharie,NY,142.544446192882
Schoolcraft,MI,138.668626001472
Schuyler,IL,88.1925486349214
Schuyler,MO,129.807011252112
Schuylkill,PA,92.5000000000187
Scioto,OH,132.716070866328
Scotland,NC,95.7924378543432
Scott,AR,87.6959049565939
Scott,IA,105.104560327072
Scott,IL,85.0651317442083
Scott,IN,113.573988770481
Scott,KS,103.727506899724
Seminole,GA,118.228216669253
Scott,KY,99.0375500228288
Seneca,NY,115.000000000019
Scott,MN,128.646705842114
Seneca,OH,131.289785824971
Scott,MO,95.6660036213934
Scott,MS,99.8103847072537
Scott,TN,116.497821170898
Scott,VA,106.554896608474
Screven,GA,127.89906120239
Scurry,TX,79.2533324957609
Searcy,AR,104.412957373594
Sebastian,AR,82.1788794812928
Sedgwick,CO,109.319742489272
Suffolk City,VA,81.0531762363046
Sedgwick,KS,130.017943834344
Sequatchie,TN,110.22559966748
Seminole,FL,108.791100844612
Sevier,UT,88.4000000000075
Seminole,OK,103.914322947585
Seward,KS,102.401683485112
Sequoyah,OK,108.235511849892
Seward,NE,107.812861691813
Shackelford,TX,78.8494304556347
Sevier,AR,84.5102440802077
Sevier,TN,102.106519472729
Shannon,MO,100.197723198283
Shannon,SD,95.1047023295906
Sharkey,MS,91.098418674699
Sharp,AR,105.383152731142
Shasta,CA,162.913484463501
Shawano,WI,129.226889184727
Shelby,IA,122.131187876824
Sheridan,ND,92.3516609392901
Shawnee,KS,131.608637478052
Sheboygan,WI,133.426279599273
Shelby,AL,126.581235792049
Shelby,IL,89.4795561059092
Shelby,IN,104.787568417862
Shelby,KY,100.631703796669
Shelby,TN,100.299999999971
Shelby,TX,90.8957905605276
Shenandoah,VA,93.8084794141452
Sheridan,NE,138.146699931954
Sherburne,MN,133.487610443753
Sheridan,KS,122.156720098642
Sheridan,WY,94.6359056500094
Sherman,KS,141.667914244189
Shiawassee,MI,153.999999999978
Sibley,MN,125.119038561296
Shoshone,ID,78.0669487910905
Simpson,KY,101.428210580308
Sierra,CA,144.203463587921
Skamania,WA,89.9977272727264
Sierra,NM,122.04911833856
Simpson,MS,94.2215177940098
Silver Bow,MT,99.1022992185915
Sioux,IA,93.269616467788
Sioux,ND,140.320945945947
Sioux,NE,98.7001114827204
Siskiyou,CA,151.500000000011
Sitka Borough,AK,107.127474709782
Skagit,WA,83.699999999997
Skagway Hoonah Angoon Census Area,AK,181.900000000005
Smith,KS,136.831416184966
Smith,MS,100.529823640566
Smyth,VA,113.499999999993
Snohomish,WA,96.3842559557083
Smith,TN,108.096744664095
Spalding,GA,97.1492020606482
Smith,TX,77.1000000000156
Snyder,PA,92.5000000000084
Socorro,NM,155.300000000003
Spink,SD,100.839505274643
Solano,CA,151.499962125875
Somerset,MD,115.07816942437
Somerset,ME,147.210969627625
Somerset,NJ,155.347894559703
Stanton,NE,109.215075
Somerset,PA,42.1242133125155
Somervell,TX,78.5195184426245
Sonoma,CA,151.49999999995
Stark,IL,89.0203631306022
Southampton,VA,95.8781785602979
Southeast Fairbanks Census Area,AK,209.914671688222
Sullivan,MO,116.142925017648
Spartanburg,SC,99.4884256723664
Stark,ND,95.6699460342246
Spencer,IN,144.900859462983
Spencer,KY,95.395996484719
Spokane,WA,91.1382524602342
Stark,OH,127.228465768401
Spotsylvania,VA,89.62754772075
Stafford,KS,120.05142126208
Sullivan,PA,87.7197914277555
Stafford,VA,79.7934972521197
Stanislaus,CA,170.581150739871
Thomas,GA,123.879525542822
Stanley,SD,121.839514197741
Starke,IN,128.971395421955
Stanly,NC,109.328887440834
Stanton,KS,105.753963414634
Starr,TX,82.7134622022817
Staunton City,VA,79.6999999999984
Steele,ND,91.3999999999994
Stearns,MN,124.452315534235
Steele,MN,111.685152151104
Steuben,NY,111.755010993843
Stevens,KS,127.260921112633
Stevens,MN,109.160174389133
Stevens,WA,90.1915711694454
Stewart,GA,111.647764554519
Stewart,TN,100.299999999999
Stillwater,MT,73.7181008845242
Stoddard,MO,104.905955252878
Stone,AR,102.778361886703
Stone,MO,116.241427993351
Stone,MS,104.0162113948
Storey,NV,80.000000000001
Story,IA,119.496365596296
Sullivan,IN,99.6833156919834
Strafford,NH,145.372346075151
Stutsman,ND,91.8813543706098
Sublette,WY,94.5142347242357
Suffolk,MA,154.799999999994
Suffolk,NY,144.792389135231
Thomas,KS,107.559897435891
Sullivan,NH,152.292583544754
Sully,SD,97.0513761467896
Thomas,NE,118.2
Sullivan,NY,125.467463202336
Throckmorton,TX,80.7998703823724
Sullivan,TN,100.300000000012
Valencia,NM,128.52314832647
Valley,ID,95.9659017799603
Summers,WV,101.043689230283
Summit,OH,117.937444208949
Summit,UT,88.3999999999891
Valley,NE,116.915259907363
Summit,CO,115.220749911575
Sumner,KS,138.975970922471
Sumter,FL,116.24849685106
Sumner,TN,99.3915367983634
Sunflower,MS,88.522784762189
Sumter,AL,124.253949626875
Thurston,NE,122.853298110788
Sumter,GA,101.865503058048
Surry,NC,102.020680296666
Sumter,SC,104.724390036625
Van Buren,IA,140.108761972332
Surry,VA,79.6999999999978
Susquehanna,PA,61.3918421405147
Sweet Grass,MT,17.8261607184504
Sussex,DE,111.468434568581
Sussex,NJ,131.603308584497
Sussex,VA,80.7360819712166
Sutter,CA,151.499999999979
Sutton,TX,87.084061179314
Sweetwater,WY,94.8971993531323
Swift,MN,101.81525230664
Suwannee,FL,118.052928850055
Swain,NC,104.199999999992
Swisher,TX,96.8176403765001
Switzerland,IN,124.372055965795
Talbot,GA,103.159888296524
Talbot,MD,102.676686453182
Taliaferro,GA,131.231954498449
Tallahatchie,MS,85.031846415224
Talladega,AL,120.488272349778
Tallapoosa,AL,114.050570017359
Tama,IA,135.069530274651
Taney,MO,128.50515732072
Tangipahoa Parish,LA,86.9113464630273
Taylor,WI,124.01276908023
Taos,NM,159.70000000002
Tarrant,TX,77.1000000000005
Taylor,WV,102.003616873363
Winneshiek,IA,147.915948663099
Tate,MS,85.7448488367906
Tift,GA,97.2445025169122
Tattnall,GA,102.606254410159
Tazewell,IL,87.589940672398
Taylor,FL,126.238553289721
Terrell,GA,106.016094831393
Taylor,GA,100.600485731633
Taylor,IA,112.975211608223
Taylor,KY,98.0951338199462
Taylor,TX,77.2381399718246
Tazewell,VA,110.355930546495
Tehama,CA,151.49999999998
Walworth,SD,102.357622682659
Telfair,GA,99.790791165127
Teller,CO,136.140861402012
Tensas Parish,LA,89.007360859241
Terrebonne Parish,LA,85.8632286120721
Terrell,TX,118.827376425855
Terry,TX,89.6946648016778
Warren,IN,95.1303653095892
Teton,ID,111.182111590222
Teton,MT,45.4874515479629
Texas,MO,102.097852438149
Teton,WY,94.3999999999931
Texas,OK,93.3670074004044
Thayer,NE,93.4885100227328
Thurston,WA,83.7000000000202
Tillamook,OR,96.3474670197685
Tioga,NY,114.999999999997
Tillman,OK,92.7994217210649
Tioga,PA,85.2876069246761
Tipton,TN,78.8382339597335
Titus,TX,78.346990621458
Todd,KY,93.6999999999971
Towns,GA,127.199113247654
Todd,MN,108.860347945052
Todd,SD,108.749923312882
Troup,GA,117.249371651385
Tolland,CT,192.398159901957
Tom Green,TX,77.5382566285989
Tompkins,NY,113.371892848896
Tooele,UT,88.4000000000068
Toole,MT,81.8393773349956
Toombs,GA,104.275697607666
Torrance,NM,163.688699607572
Traill,ND,91.3999999999999
Trousdale,TN,100.299999999999
Transylvania,NC,84.6147192979277
Traverse,MN,117.711377870562
Travis,TX,78.1453683502351
Treasure,MT,158.293848857645
Trego,KS,122.408550983898
Trumbull,OH,112.604254678743
Trempealeau,WI,124.841230234844
Treutlen,GA,110.795561192139
Trigg,KY,93.7000000000051
Trimble,KY,103.192079391576
Trinity,CA,151.500000000006
Trinity,TX,98.1173442074679
Turner,GA,96.9026229038276
Tripp,SD,104.484560370211
Tucker,WV,114.399999999997
Tulare,CA,157.565171847294
Turner,SD,101.154282917279
Tulsa,OK,87.373860106941
Tunica,MS,87.2316184570748
Tuolumne,CA,151.537137403766
Uinta,WY,98.996362935366
Tuscaloosa,AL,126.492766341578
Tuscarawas,OH,127.06450037592
Tuscola,MI,148.708024433646
Twiggs,GA,108.040916651268
Twin Falls,ID,102.975818999966
Warren,NC,59.7533578839502
Tyler,TX,97.2488766695819
Tyler,WV,114.399999999998
Tyrrell,NC,86.499999999999
Uintah,UT,88.40000000001
Ulster,NY,143.938970272449
Umatilla,OR,99.818014936542
Unicoi,TN,70.8117742967413
Union,FL,105.974267643137
Union,AR,102.700000000016
Union,GA,127.199115760164
Union,IA,143.61918028622
Union,MS,101.824238496087
Union,IL,86.3666427095379
Union,IN,102.907789220346
Union,KY,100.979818024939
Union,NC,107.398902905768
Union,OH,127.169939322542
Union,PA,92.2257673660832
Union,NJ,160.333188003861
Union,NM,161.929849585064
Union,OR,96.8999999999976
Walworth,WI,137.438053559825
Union,SC,99.785764617273
Van Buren,MI,107.000624749805
Union,SD,102.577413951927
Union,TN,100.608877757306
Upshur,WV,101.834356885283
Union Parish,LA,87.9539481681693
Upshur,TX,84.600028306429
Upson,GA,100.650386373532
Upton,TX,77.4389431361281
Utah,UT,95.0473006421346
Uvalde,TX,79.8208470626082
Valdez Cordova Census Area,AK,246.085044244506
Valley,MT,101.799999999998
Val Verde,TX,79.1287607040916
Van Buren,AR,105.695962973311
Van Buren,TN,100.791566216051
Vance,NC,108.18832205899
Wapello,IA,147.228750743419
Vanderburgh,IN,150.599703659877
Van Wert,OH,130.052500750128
Vigo,IN,97.9396318561126
Van Zandt,TX,77.099999999994
Venango,PA,41.994275964818
Ventura,CA,158.396331280736
Vermilion,IL,88.2034016987001
Warren,PA,92.4861415051679
Vermilion Parish,LA,39.3280219037716
Vermillion,IN,97.4999999999982
Vernon,MO,111.451533469078
Vernon,WI,133.917642652577
Vilas,WI,118.61954648282
Vernon Parish,LA,102.704805276727
Vinton,OH,135.211038660398
Waseca,MN,132.326623993917
Victoria,TX,79.0135845872567
Virginia Beach City,VA,79.7000000000113
Wabash,IL,113.775115296069
Volusia,FL,96.422208758491
Wabasha,MN,122.832202157321
Wake,NC,107.662332993229
Wabaunsee,KS,138.888559754848
Wade Hampton Census Area,AK,481.980853715513
Wadena,MN,105.422428222974
Wagoner,OK,92.6129061623661
Wahkiakum,WA,83.6999999999994
Washakie,WY,101.060134228185
Wakulla,FL,123.004155760328
Waldo,ME,146.095183401274
Walker,AL,126.599991179942
Walker,GA,96.3939047983111
Walker,TX,99.5011688950416
Wallace,KS,114.855200594353
Ware,GA,98.9846216233124
Walla Walla,WA,86.159752578015
Wallowa,OR,109.512393308295
Waller,TX,87.1075584124142
Walsh,ND,91.399999999996
Walthall,MS,101.625285303164
Walton,FL,91.0612210774967
Walton,GA,105.590061470529
Warren,IL,87.5000000000003
Ward,ND,91.7342027873737
Ward,TX,77.1000000000026
Warren,GA,100.452451755773
Warren,IA,108.005332701117
Warren,KY,100.473480342069
Warren,MO,106.395685686065
Warren,MS,85.5512837370262
Warren,NJ,131.56712855642
Warren,NY,144.700000000006
Warren,OH,116.423461822869
Warren,TN,100.403305852205
Warren,VA,112.162895044458
Warrick,IN,149.590458211397
Washburn,WI,127.16558022125
Wasatch,UT,97.5070513915
Wasco,OR,69.9057600937923
Washington,AL,127.674801542305
Washington,NC,91.2732176929739
Washington,AR,84.4791010340489
Washington,CO,141.382569674071
Washington,WI,148.933366813251
Washington,FL,68.4327729416816
Wayne,NC,107.793527458363
Washington,GA,107.705869442534
Washington,IA,143.470029027583
Washington,ID,89.0039988574703
Wayne,NE,107.75927287582
Washington,IL,87.8426424850869
Webster,KY,101.895851483092
Washington,IN,110.582447478463
Washington,KS,135.068829444128
Washington,KY,96.4734103410351
Washington,MD,98.703811223593
Washington,ME,138.851463790484
Webster,WV,114.399999999999
Washington,MN,131.937897999304
Wells,ND,91.3999999999987
Washington,MO,99.5328607159382
Washington,NE,108.74179178558
Washington,MS,89.0338619860537
Washington,UT,92.8535955276185
Washington,NY,139.200145291213
Washington,OH,133.848668818829
Washington,OK,85.9934481396971
Washington,OR,87.1436441806825
Windham,CT,192.398736832442
Washington,PA,110.800000000011
Washington,RI,188.273475102477
Washington,TN,100.299999999975
Washington,TX,98.3956526843722
Washington,VA,106.594087479733
Washington,VT,152.115528531333
Winnebago,IA,121.873294094175
Washington Parish,LA,92.6499298279394
Washita,OK,72.7621704231797
Washtenaw,MI,154.83602533954
Washoe,NV,79.999999999984
Waushara,WI,137.619305689468
Watauga,NC,99.0701117593845
Watonwan,MN,106.222892228297
Wayne,IL,108.69366200513
Waukesha,WI,151.592986776202
Waupaca,WI,125.416385763485
Wayne,GA,101.460628878777
Wayne,IA,139.535131964812
Wayne,KY,105.599998384041
Wayne,MO,103.079545454547
Wayne,MI,136.043375231632
Wayne,MS,96.6674044265619
Wayne,NY,120.625152149521
Wayne,OH,126.071782359939
Wayne,PA,92.500000000012
Wayne,TN,110.797667991778
Weakley,TN,99.0975078563471
Wayne,UT,88.4
Wayne,WV,93.3999999999996
Waynesboro City,VA,79.6999999999993
Webster,GA,108.066128191766
Webb,TX,77.9422716153846
Webster,IA,103.372168821115
Weber,UT,88.4000000000025
Webster,MO,85.4525748555065
Webster,MS,109.992333094707
Webster,NE,92.2571213829389
Webster Parish,LA,93.9945340822735
West Baton Rouge Parish,LA,84.9000000000015
Weld,CO,116.787048610616
Wells,IN,101.709032625954
West Carroll Parish,LA,85.7690146445124
Westchester,NY,143.086095132282
Wheatland,MT,80.1915063336331
West Feliciana Parish,LA,97.1820339892018
Westmoreland,PA,110.925547171844
White,IN,126.559542872444
Westmoreland,VA,108.78098344204
Weston,WY,94.2974903865629
Wibaux,MT,97.6148639546753
Wetzel,WV,110.782887427122
Wichita,KS,102.400000000002
Wexford,MI,153.90559778429
Wharton,TX,79.0643361487813
Whatcom,WA,83.0778653405848
Wheeler,GA,100.350159671534
Wheeler,NE,111.230410958904
Wheeler,OR,108.600777453839
Wheeler,TX,93.3806069394144
White,AR,102.680092855606
Wichita,TX,77.1000000000021
White,GA,120.324451494644
White,IL,103.688423656195
White,TN,100.93461572362
Wilkinson,GA,108.195976849238
White Pine,NV,68.6922010398606
Whiteside,IL,87.8099016051611
Whitfield,GA,95.5732102041179
Whitley,IN,114.76214531439
Whitley,KY,98.4691455911144
Whitman,WA,86.6699500633329
Wicomico,MD,113.028574153223
Winnebago,IL,87.500000000004
Wilbarger,TX,77.0999999999973
Wilcox,AL,130.079520620376
Wilcox,GA,99.2305507145349
Willacy,TX,79.1834886321298
Wilkes,GA,119.67131210191
Williams,OH,116.201681804337
Wilkes,NC,105.457580540382
Wilkin,MN,107.058087507423
Wilkinson,MS,100.6128856891
Williamson,IL,89.1060193939835
Will,IL,87.4999999999944
Williams,ND,99.7225887013497
Williamsburg,SC,114.818831684589
Williamsburg City,VA,79.7000000000004
Williamson,TN,99.303741900647
Wilson,NC,109.216683544388
Williamson,TX,85.7096500679924
Wilson,KS,116.381381578948
Wilson,TN,99.3876719806219
Windham,VT,144.90000000001
Winnebago,WI,124.952482005208
Windsor,VT,144.305045314816
Winkler,TX,77.1000000000002
Winn Parish,LA,69.6990023258374
Woodford,IL,88.092856275064
Winona,MN,129.720559281537
Winston,AL,124.049064234028
Winston,MS,109.396433916841
Wirt,WV,114.4
Wise,TX,87.2798843327517
Wise,VA,84.0420433165125
Wolfe,KY,110.524871047318
Wood,OH,125.655879047521
Wood,TX,81.0304296028794
Wood,WI,108.990673842092
Wood,WV,114.387150632155
Woodbury,IA,104.774724731028
Woodford,KY,98.8521437137734
Woodward,OK,112.076831846793
Woodruff,AR,83.6844035725504
Woods,OK,97.9170210035097
Woodson,KS,133.714094827586
Wright,IA,110.81634699215
Worcester,MA,157.509580579121
Worcester,MD,114.851480561274
Wright,MO,91.1792126341244
Worth,GA,120.282391210057
Worth,IA,139.043579638756
Worth,MO,124.442118226601
Wrangell Petersburg Census Area,AK,134.994213513192
Wright,MN,125.658274306306
Wyandot,OH,125.780990834298
Wyandotte,KS,104.354230107666
Wyoming,NY,113.228320817761
Wyoming,WV,93.3999999999961
Wythe,VA,113.499999999981
Yadkin,NC,105.903700018052
Yakima,WA,83.7093184513058
Yakutat Borough,AK,181.900000000001
Yalobusha,MS,103.534884274351
Yankton,SD,105.130976172177
Yamhill,OR,72.8608014041606
Yates,NY,98.4477051914407
Yancey,NC,123.306164194407
Yavapai,AZ,104.899999999977
Yazoo,MS,125.482299161993
Yell,AR,102.756231920508
York,VA,79.7000000000036
Yellow Medicine,MN,104.350502292014
Young,TX,81.3306216519216
Yuba,CA,151.50000000001
Yukon Koyukuk Census Area,AK,239.476910435504
Yellowstone,MT,101.721578270857
Yoakum,TX,99.5268781077813
Yolo,CA,151.49837936565
York,ME,145.019968353299
York,NE,97.5202515106905
York,PA,126.908220049261
York,SC,79.8630226290298
Zapata,TX,80.0171578947373
Yuma,AZ,105.096836582741
Yuma,CO,115.888009073103
Zavala,TX,80.9178266331661
Ziebach,SD,136.528137128074
