County,State,Res Electric Rate ($/MWh)
Abbeville,SC,104.765346175095
Acadia Parish,LA,76.9071847629337
Ada,ID,102.99985804125
Hansford,TX,97.8164692169301
Accomack,VA,116.700000000008
Adair,IA,126.120756984081
Adams,NE,106.517997338651
Adair,KY,98.196403367592
Adair,MO,110.318764882319
Adair,OK,100.212059060097
Adams,CO,116.032393031633
Adams,IA,127.876423017108
Adams,ID,102.763662171755
Alfalfa,OK,96.6368911888182
Adams,IL,123.37873707763
Adams,IN,118.083151237754
Adams,ND,104.118711018711
Adams,MS,89.6996670135314
Adams,OH,136.942408936713
Adams,PA,123.30176080409
Alamance,NC,104.711845839946
Adams,WA,91.0000802061744
Addison,VT,173.409543975933
Adams,WI,145.248665643062
Aitkin,MN,137.644566257728
Aiken,SC,143.49257659076
Allen,KS,122.497623613771
Alachua,FL,124.458515695579
Alameda,CA,171.855661042445
Alamosa,CO,118.851298009531
Albany,NY,175.900000000003
Albany,WY,113.326765988176
Anderson,KS,125.762814130569
Albemarle,VA,114.523454797765
Anchorage Borough,AK,148.053029919835
Alcona,MI,154.672119065299
Alcorn,MS,105.438115531867
Aleutians East Borough,AK,206.1
Aleutians West Census Area,AK,236.474078624085
Alexander,NC,107.724864667355
Alexander,IL,122.558910365144
Alexandria City,VA,114.2
Alger,MI,225.507912046637
Allamakee,IA,146.14904141422
Aurora,SD,112.566611706511
Allegan,MI,151.831630971126
Allegany,MD,109.79999999999
Allegany,NY,140.948639279179
Baca,CO,159.385830915941
Alleghany,NC,111.390539284228
Allen,KY,102.900000000005
Alleghany,VA,121.034042202445
Allen,OH,132.116532259
Allegheny,PA,148.27187667187
Allen,IN,113.212482127232
Allendale,SC,144.828170401383
Allen Parish,LA,108.752397071182
Calhoun,MS,109.955274521896
Alpena,MI,145.617351408524
Alpine,CA,149.921881606765
Amador,CA,173.997691465723
Amelia,VA,130.370573509325
Amite,MS,99.9441017926541
Amherst,VA,113.790846483509
Antelope,NE,102.332510288067
Anderson,KY,100.972597583925
Archer,TX,110.042298392832
Archuleta,CO,153.697928631963
Anderson,SC,122.267717727713
Atoka,OK,97.8434183837669
Anderson,TN,105.182135342752
Anderson,TX,113.188596083167
Audubon,IA,108.701562499998
Andrew,MO,122.810174639328
Andrews,TX,110.200000000006
Androscoggin,ME,146.199999999983
Angelina,TX,110.265006123724
Anne Arundel,MD,147.298615272856
Anoka,MN,132.138067696761
Anson,NC,113.317195979494
Antrim,MI,152.267076614501
Apache,AZ,115.105580765172
Appanoose,IA,145.033846600814
Arenac,MI,153.99999999999
Arkansas,AR,102.700000000008
Appling,GA,112.353595094451
Arlington,VA,114.199999999999
Appomattox,VA,117.37288958847
Aransas,TX,110.200000000003
Arapahoe,CO,116.136074015971
Arthur,NE,108.7
Armstrong,PA,112.735888162412
Armstrong,TX,113.740132370639
Aroostook,ME,148.04324860878
Ascension Parish,LA,95.9245465811845
Asotin,WA,90.2758281405948
Ashe,NC,111.400000000004
Ashland,OH,119.719828821851
Ashland,WI,135.945175395728
Athens,OH,131.65961734275
Ashley,AR,88.4647105306819
Ashtabula,OH,119.650856977092
Assumption Parish,LA,87.6627188291218
Atascosa,TX,108.164270708763
Atkinson,GA,112.046133044888
Atchison,KS,130.863910484631
Atchison,MO,110.883725645441
Atlantic,NJ,157.500000000028
Auglaize,OH,104.697921043889
Augusta,VA,114.101011773658
Attala,MS,96.415215999892
Audrain,MO,102.464880136334
Austin,TX,110.235854064322
Autauga,AL,125.174475008285
Avery,NC,111.399999999999
Avoyelles Parish,LA,112.091320105291
Cortland,NY,169.415759795956
Bacon,GA,111.558859005706
Bailey,TX,102.130121623759
Baker,FL,112.399999999993
Barren,KY,110.514119972956
Baker,GA,125.364376321354
Baker,OR,98.2561116208839
Baldwin,AL,117.646363915934
Baldwin,GA,114.381490808358
Ballard,KY,101.48738599474
Baltimore,MD,147.299418169384
Bamberg,SC,138.998762960372
Baltimore City,MD,147.299991864858
Bandera,TX,92.7471790796836
Banks,GA,110.677698932139
Banner,NE,109.364627151052
Bannock,ID,102.697264998561
Barnwell,SC,144.340938573066
Baraga,MI,153.433086012454
Barber,KS,133.657970332005
Barton,MO,109.89817784257
Barbour,AL,124.098615470598
Barbour,WV,98.0077340731739
Barnes,ND,83.4755513745177
Barry,MI,152.115963186507
Barnstable,MA,191.099999999924
Dekalb,IN,105.532938465434
Barron,WI,117.313984179948
Barrow,GA,106.0331264997
Barry,MO,112.038033643437
Bartholomew,IN,116.875935791053
Barton,KS,127.654908588096
Bartow,GA,114.105592714538
Bastrop,TX,107.362492719827
Bay,FL,106.245239479349
Bates,MO,109.812946926179
Bourbon,KS,131.902787262764
Bath,KY,102.540196458575
Bath,VA,130.865308775732
Baxter,AR,108.634699950569
Bay,MI,139.853736282506
Beaufort,NC,114.201057435847
Bayfield,WI,136.555396319894
Baylor,TX,110.036053130932
Beadle,SD,106.914214151533
Bear Lake,ID,99.9999999999966
Beaver,PA,150.185453418315
Beaufort,SC,133.015927127721
Beauregard Parish,LA,106.761913968109
Beaver,OK,122.625241592575
Beckham,OK,94.3450677708439
Beaver,UT,110.799999999998
Beaverhead,MT,35.0569536093923
Becker,MN,120.81657773162
Bedford,PA,89.0580245634159
Bee,TX,110.651827965495
Bedford,TN,105.453653925191
Bedford,VA,115.525663718839
Bedford City,VA,120.296192351879
Bell,TX,92.7089157726061
Belknap,NH,186.42377209843
Bell,KY,98.858405279358
Belmont,OH,127.193621792085
Beltrami,MN,127.116652333101
Benewah,ID,33.9766553135017
Ben Hill,GA,119.907764390889
Bent,CO,130.540960565444
Bennett,SD,114.300000000001
Bennington,VT,173.300000000001
Benton,MN,135.179416613419
Garza,TX,100.985580747811
Benson,ND,104.183830275226
Gillespie,TX,103.787163465583
Benton,AR,99.2967751269468
Benton,IA,129.146091714444
Benton,IN,108.064027559269
Benton,MO,109.482840330787
Benton,MS,107.182253195073
Bibb,AL,126.597232289951
Benton,OR,109.371067448254
Bledsoe,TN,110.20423595097
Benton,TN,103.299999999996
Bollinger,MO,105.382305986697
Benton,WA,83.351294470162
Benzie,MI,124.166247772901
Bergen,NJ,162.057533198294
Berkeley,SC,130.407686199288
Bond,IL,115.076786595564
Berkeley,WV,114.399949008577
Boone,IA,139.26472002263
Berks,PA,130.138411409781
Berkshire,MA,186.408428187712
Bernalillo,NM,124.436436117843
Big Stone,MN,123.6860247124
Berrien,GA,111.608663169605
Berrien,MI,141.796523207273
Bertie,NC,111.402123363517
Bethel Census Area,AK,229.595742787177
Bexar,TX,110.200000000062
Bibb,GA,113.558959209126
Billings,ND,89.1057475495076
Bienville Parish,LA,87.4588942869091
Blaine,OK,87.7074135788183
Big Horn,MT,82.7574853291997
Bleckley,GA,115.595537561851
Boone,IL,122.300000000001
Big Horn,WY,122.398145416221
Bingham,ID,101.915396750369
Blackford,IN,113.353624082695
Black Hawk,IA,99.8525118124043
Bladen,NC,117.989036354776
Blaine,ID,99.5176937201445
Blaine,MT,88.3967806563007
Blaine,NE,118.2
Boone,IN,127.717571161392
Blair,PA,97.4152766442092
Blanco,TX,103.112209802235
Bland,VA,113.499999999997
Blount,AL,126.599999999982
Blount,TN,100.519924928192
Blue Earth,MN,131.501412800919
Boise,ID,102.386020386938
Borden,TX,108.427138643068
Box Butte,NE,120.924739898377
Bolivar,MS,88.7677854732696
Bristol City,VA,112.400122700741
Bon Homme,SD,107.350780312123
Bonner,ID,99.8226383247663
Broadwater,MT,32.5762509524352
Bonneville,ID,84.0141793283049
Boone,AR,102.673758812191
Decatur,IA,131.132205462699
Boone,KY,102.89999999999
Botetourt,VA,115.377459644721
Boone,MO,107.137332527164
Boone,NE,108.919474497683
Boone,WV,112.19999999999
Bosque,TX,88.8297272974255
Bossier Parish,LA,98.0999287908817
Bottineau,ND,98.2668599834321
Douglas,SD,114.01127348643
Douglas,WA,29.5999999999997
Boulder,CO,110.650716544341
Boundary,ID,100.000000000004
Bourbon,KY,101.418651832456
Bowie,TX,110.738639183554
Bowman,ND,104.656515775032
Box Elder,UT,108.120758639931
Brooke,WV,114.386102941809
Boyd,KY,119.399999999984
Boyd,NE,114.770327669902
Boyle,KY,100.13997372311
Bracken,KY,101.351683872058
Bradford,FL,114.200853257893
Bradford,PA,69.6760078950846
Brookings,SD,112.794819493544
Bradley,AR,105.080152898581
Bradley,TN,104.585344420504
Branch,MI,147.011764055496
Brown,TX,109.95684486887
Brantley,GA,116.728913394304
Broome,NY,110.90405128624
Braxton,WV,114.399999999995
Broward,FL,112.400000000013
Brazoria,TX,110.200000000021
Brazos,TX,110.124396558999
Breathitt,KY,117.709037523639
Breckinridge,KY,106.998005572675
Bremer,IA,129.459226603411
Brevard,FL,112.40251133176
Brown,IL,123.025078939604
Brewster,TX,118.107031458866
Briscoe,TX,114.726150121065
Brown,IN,138.042381852541
Bristol,MA,182.235915240127
Bristol,RI,184.300000000003
Bristol Bay Borough,AK,206.100000000003
Bronx,NY,175.899999999996
Brooks,GA,109.667559915059
Brooks,TX,110.209915198957
Brown,KS,130.154220451744
Broomfield,CO,114.767933625903
Buena Vista,IA,114.221763392856
Brown,MN,125.89087725292
Buena Vista City,VA,114.200000000001
Brown,NE,133.180992859569
Brown,OH,119.780069633782
Brown,SD,104.001694668907
Brown,WI,144.006445124251
Brule,SD,108.423021001612
Cheyenne,NE,113.983242156974
Brunswick,NC,36.1543689945781
Chickasaw,IA,116.037436849158
Brunswick,VA,119.529997246687
Bryan,GA,124.874523173747
Bryan,OK,106.013524503071
Buchanan,IA,130.254175177222
Bureau,IL,118.906401842914
Buchanan,MO,115.111482617595
Buchanan,VA,113.500078749009
Buffalo,NE,105.600909791081
Buckingham,VA,118.624643653352
Buffalo,SD,115.441448692153
Decatur,IN,117.815784399654
Bucks,PA,140.091544395749
Buffalo,WI,134.254832402237
Caldwell,MO,110.587932670546
Bullitt,KY,97.1742760221278
Bullock,AL,121.891244402542
Bulloch,GA,111.064587852499
Calhoun,IA,113.29438416597
Buncombe,NC,108.118405790849
Burke,GA,117.15292164288
Clinton,KY,105.582217663567
Burke,NC,107.202403198352
Burke,ND,97.1927077106998
Burleigh,ND,106.382565349228
Butler,PA,121.770124624081
Butte,CA,173.999999999987
Burleson,TX,90.7482390094062
Burlington,NJ,161.483125994916
Burnet,TX,104.100547716031
Butler,KS,129.394294592648
Burnett,WI,138.466387641731
Butler,NE,113.466164960867
Burt,NE,130.826568609199
Butler,AL,136.608211430737
Butler,IA,116.687506557095
Butler,KY,102.900000000005
Butler,OH,118.978170512849
Butler,MO,97.5151185210315
Butte,ID,100.000000000008
Butte,SD,137.741097235863
Butts,GA,102.447434285711
Cabarrus,NC,104.562013104841
Coffee,AL,125.331526916723
Cabell,WV,112.20000000001
Cache,UT,106.127849771489
Caddo,OK,92.7957670187347
Caddo Parish,LA,92.0319600950204
Calaveras,CA,173.999999999984
Calcasieu Parish,LA,40.7196764635839
Caldwell,KY,122.179067850928
Caldwell,NC,105.553807887524
Calhoun,IL,131.884481311882
Caldwell,TX,106.782336140605
Calumet,WI,145.544510630482
Caldwell Parish,LA,85.8633901621848
Caledonia,VT,169.370621329722
Calhoun,AL,124.579987947133
Calhoun,AR,114.742552616777
Calhoun,MI,152.324942106624
Calhoun,FL,35.7539023942184
Calhoun,GA,114.38108108108
Calhoun,SC,149.120796416134
Calhoun,TX,109.295818224356
Campbell,SD,125.83871773522
Calhoun,WV,114.400000000002
Callahan,TX,110.014565881542
Callaway,MO,113.342809178259
Calloway,KY,114.515208777804
Calvert,MD,133.149722327203
Cambria,PA,70.9215558702497
Camas,ID,102.160256410256
Chickasaw,MS,108.93337692932
Camden,GA,114.871127715434
Duval,TX,110.200000000001
Camden,MO,107.703156855722
Carroll,KY,99.5716563029945
Camden,NC,117.567586927327
Cameron Parish,LA,67.3815776513708
Camden,NJ,162.547827811265
Cameron,PA,111.100195969653
Cameron,TX,107.093552365088
Grenada,MS,83.8354152823916
Camp,TX,109.084313543373
Campbell,KY,102.883475822907
Delaware,IN,113.142260615156
Campbell,TN,104.968921503569
Eddy,ND,102.4
Campbell,VA,114.91204467034
Campbell,WY,95.2122236138316
Canadian,OK,96.5885502517542
Candler,GA,111.967990537847
Carroll,TN,103.199999999988
Cannon,TN,99.2173642252149
Canyon,ID,102.999999999988
Cape Girardeau,MO,110.648363903431
Carter,MO,98.0914172901103
Cape May,NJ,157.500000000017
Carlisle,KY,112.609717314488
Carbon,MT,92.4409611096059
Carlton,MN,110.361938546819
Carbon,PA,140.300000000015
Carroll,AR,97.1275420265753
Carbon,UT,110.799999999996
Carbon,WY,121.659089464489
Caribou,ID,99.9999999999955
Gray,KS,121.651987822352
Caroline,MD,140.742724083713
Carroll,IN,114.315808823534
Gray,TX,101.170630321944
Caroline,VA,118.373821379388
Carroll,GA,117.232829483168
Carroll,IA,112.859295563266
Carroll,IL,147.929683031492
Carroll,MD,141.222001354857
Carter,MT,110.618115942028
Carroll,MO,125.661302079793
Carroll,MS,103.759621697671
Carroll,NH,180.789265511172
Carroll,OH,133.26111038113
Carroll,VA,113.500035374972
Carson,TX,100.300000000002
Carson City,NV,114.199999999996
Carter,KY,119.748353940112
Carter,OK,104.725318500506
Carter,TN,103.299999999991
Carteret,NC,109.834612208756
Casey,KY,100.337795073556
Carver,MN,128.289798953444
Cass,IA,103.198149625143
Cass,MI,86.4628680790842
Cass,MN,124.081068872353
Cascade,MT,19.3120890648399
Cass,IL,125.315148074879
Cass,IN,110.755950098467
Cass,MO,114.978333333317
Cass,ND,102.400000000004
Cedar,IA,130.44005141975
Cass,NE,107.907588471353
Cedar,MO,122.527665511935
Grady,GA,136.83525864454
Cass,TX,110.899276675847
Cerro Gordo,IA,145.921655847126
Cassia,ID,91.1208327457324
Castro,TX,102.139509256537
Caswell,NC,110.624721451555
Catahoula Parish,LA,89.1621270457268
Chaffee,CO,152.779373897621
Catawba,NC,104.622779883998
Catoosa,GA,114.100000000011
Catron,NM,136.297648537433
Cattaraugus,NY,151.603193332542
Cavalier,ND,102.4
Cayuga,NY,118.633342590047
Cecil,MD,142.206515249817
Cedar,NE,88.9564102564145
Chambers,AL,104.770642359328
Champaign,IL,120.781141359249
Centre,PA,112.068948668525
Chambers,TX,95.7000000000063
Champaign,OH,125.875081823779
Chariton,MO,129.18031626985
Chase,NE,108.120138888885
Charles,MD,130.700000000034
Chattooga,GA,114.100000000001
Charles City,VA,114.199999999998
Chautauqua,KS,158.500000000003
Charles Mix,SD,116.620489060488
Charleston,SC,144.256578779037
Chemung,NY,115.000000000004
Charlevoix,MI,152.083423015289
Charlotte,FL,111.36356786973
Charlotte,VA,123.131999058164
Charlottesville City,VA,114.199999999999
Charlton,GA,116.064823591367
Chase,KS,138.754758488761
Chatham,GA,114.111906558239
Eddy,NM,119.977585346181
Chatham,NC,109.572115609367
Chattahoochee,GA,123.531112137658
Chautauqua,NY,137.198703445496
Chaves,NM,114.089059790391
Hopewell City,VA,114.2
Cheatham,TN,103.299999999988
Cheboygan,MI,157.237758557227
Chelan,WA,93.7999999999924
Chenango,NY,102.774531649521
Cherokee,AL,131.69999999999
Cherokee,GA,108.656188449264
Cherokee,IA,110.248052312004
Cherokee,KS,130.78758551434
Franklin,IN,122.270127027285
Cherokee,NC,108.541722558487
Cherry,NE,108.708610016882
Cherokee,OK,96.9997268700917
Cherokee,SC,97.1433395002736
Cherokee,TX,110.874675791594
Chesapeake City,VA,114.200000000008
Cheshire,NH,183.195208056193
Chester,PA,140.280266983524
Chester,SC,119.666111904237
Chester,TN,111.395407374698
Cheyenne,CO,133.099999999999
Chesterfield,SC,128.237053261994
Cheyenne,KS,125.464710957722
Chesterfield,VA,114.398298596382
Chicot,AR,94.8903885593291
Childress,TX,110.798879469713
Columbia,WA,95.1231630510849
Chilton,AL,125.695001772429
Chippewa,MN,107.420570623455
Chippewa,MI,126.099999999982
Colfax,NE,103.496171770973
Chippewa,WI,133.860857121075
Chisago,MN,135.205523422302
Chittenden,VT,168.24387934408
Choctaw,AL,114.445118668471
Choctaw,MS,115.875670840786
Choctaw,OK,95.5372739741803
Chouteau,MT,66.1056589508672
Chowan,NC,124.829775044235
Christian,IL,126.07337722191
Hanson,SD,114.778167877319
Christian,KY,103.932332202443
Christian,MO,122.639472416944
Haralson,GA,116.768251074973
Churchill,NV,114.200000000004
Cibola,NM,130.309858965736
Cimarron,OK,109.538393731635
Claiborne Parish,LA,88.3128937908447
Citrus,FL,117.942542503028
Clackamas,OR,104.502704689005
Clare,MI,151.649716064739
Claiborne,MS,110.889583111207
Finney,KS,116.324989574313
Claiborne,TN,105.493821198608
Clark,OH,118.003849487181
Clallam,WA,93.439690328988
Clarke,MS,113.628626433411
Clarendon,SC,121.457068062836
Clay,IA,109.766187814026
Fisher,TX,113.002969317056
Clarion,PA,96.6533662137495
Clark,AR,105.681751071182
Comanche,OK,87.3999184020515
Clark,ID,99.9999999999994
Clark,IL,120.151255400038
Comanche,TX,109.721708185054
Clark,IN,115.273407640003
Clark,KS,146.418618042227
Hardee,FL,128.034518859155
Clark,KY,99.7993820153919
Clark,MO,102.526774876406
Clark,NV,117.292275439223
Edgar,IL,121.852989870508
Clark,SD,99.4801275239113
Clark,WA,92.4999999999957
Clark,WI,132.519823585822
Clarke,AL,126.980824809983
Clarke,GA,111.409844962319
Clarke,IA,142.385129479473
Clarke,VA,118.625463783681
Clatsop,OR,110.478467728969
Clay,AL,122.744696673188
Clay,AR,88.4933115312027
Clay,TN,103.299999999999
Clay,FL,113.809715185974
Clay,GA,114.364155982907
Clay,IL,123.035909440541
Clay,IN,119.134983050837
Clay,KS,132.440253911259
Clay,KY,112.173773448776
Clearwater,MN,128.769133192386
Clay,MN,110.59583963004
Clay,MO,127.120836838968
Clay,MS,112.030500680603
Clay,NC,111.399999999994
Clay,NE,96.1712091757389
Clay,SD,109.405093704947
Clay,TX,110.183897529732
Clay,WV,102.903996706884
Cleburne,AL,126.587372959658
Clayton,GA,113.994069083868
Clayton,IA,141.746303749202
Clear Creek,CO,117.90610359188
Cleburne,AR,102.948479361111
Clearfield,PA,83.5963216322303
Hardeman,TN,118.654604836717
Clearwater,ID,37.9083592711591
Jackson,OH,136.18840769675
Clermont,OH,117.004945791949
Cleveland,AR,107.085350153875
Concho,TX,110.800033955858
Concordia Parish,LA,70.2248411616148
Cleveland,NC,107.507116640001
Cleveland,OK,104.717031028817
Jackson,OK,100.602720001114
Clinch,GA,116.785072020951
Clinton,IL,107.430555083129
Clinton,IA,138.866873623071
Clinton,IN,115.712704397961
Clinton,MI,151.222099002266
Clinton,MO,112.938384800606
Coryell,TX,89.3747844141906
Clinton,NY,88.8206403382513
Clinton,OH,121.956648669171
Gage,NE,97.0422676179169
Clinton,PA,137.143681631576
Cloud,KS,128.045765148162
Coahoma,MS,102.037680196572
Coal,OK,95.3841230115475
Flagler,FL,112.411855501376
Cobb,GA,112.640359944618
Cochise,AZ,122.099999999983
Cochran,TX,109.665140150019
Flathead,MT,97.718673941495
Cocke,TN,103.30032418001
Coconino,AZ,118.168796009939
Codington,SD,94.2886965165906
Coffee,GA,107.36836565556
Coffey,KS,137.907803700722
Coke,TX,111.052262644187
Gaines,TX,100.862741312743
Coffee,TN,103.064337206343
Fluvanna,VA,122.041190306458
Colbert,AL,103.775869666762
Cole,MO,107.169295261848
Coleman,TX,113.725614613377
Coles,IL,122.162348276318
Galax City,VA,113.5
Colfax,NM,142.500275395403
Colleton,SC,149.341642967957
Collier,FL,110.220997164043
Collin,TX,118.307260978704
Collingsworth,TX,115.07389879663
Colonial Heights City,VA,114.2
Colorado,TX,111.755599191449
Colquitt,GA,115.472205723905
Wabash,IN,113.908272328656
Columbia,AR,102.714921530635
Columbia,GA,114.379814004383
Columbia,FL,115.279260415169
Columbia,NY,149.759364170547
Columbia,OR,67.8465548961866
Columbia,PA,140.299999999994
Columbia,WI,132.209582646385
Columbiana,OH,122.710664292229
Columbus,NC,60.4455157771727
Marshall,IN,131.679746995371
Colusa,CA,174.000000000007
Comal,TX,99.4116821365514
Comanche,KS,157.419330855019
Conecuh,AL,99.8656123616609
Crisp,GA,114.099999999996
Conejos,CO,124.202687411596
Converse,WY,111.800000000004
Garden,NE,108.700000000001
Contra Costa,CA,173.999999999984
Conway,AR,102.964383989999
Coos,OR,110.179113871986
Cook,GA,114.0419483953
Cook,IL,122.289984942602
Cook,MN,127.300000000003
Coosa,AL,124.638191738114
Cooke,TX,110.076164552823
Cooper,MO,108.800656347876
Coos,NH,184.772298145849
Copiah,MS,92.3075680395877
Corson,SD,132.288779378316
Coshocton,OH,133.033345496335
Cotton,OK,98.8992879385795
Cottonwood,MN,118.552997807643
Costilla,CO,121.210062402498
Cottle,TX,108.919101123596
Covington,AL,123.191084923799
Covington,MS,108.286235444581
Covington City,VA,114.200000000001
Crook,OR,108.62841225627
Coweta,GA,108.830023178356
Cowley,KS,127.932677650931
Cowlitz,WA,93.7999999999904
Craig,OK,92.5576390270019
Craig,VA,129.781644324775
Craighead,AR,81.6247277680742
Crook,WY,94.1837645772639
Crane,TX,110.200000000001
Crawford,AR,91.2017031883449
Crosby,TX,100.698707274322
Craven,NC,107.384669817566
Crawford,IL,119.834964699581
Crawford,GA,116.948707571797
Crawford,IA,97.6737640121811
Norton City,VA,114.2
Crawford,IN,116.107637029725
Crawford,KS,131.340312448333
Karnes,TX,105.028063105546
Crawford,MI,152.356837643206
Crawford,MO,104.062727301011
Crawford,OH,128.214086296595
Crawford,PA,62.9337423009189
Crawford,WI,132.380476517353
Creek,OK,100.961589607357
Crenshaw,AL,128.339817857473
Crittenden,AR,88.3213415159963
Cross,AR,103.003447389937
Crittenden,KY,102.197570211425
Crowley,CO,158.684755760271
Crockett,TN,108.736711752882
Crow Wing,MN,116.324990771342
Crockett,TX,113.415017361111
Culberson,TX,127.788510149368
Cullman,AL,104.23028937075
Culpeper,VA,117.671481257398
Tippah,MS,109.724398631221
Cumberland,IL,115.737256199848
Cumberland,KY,102.907443429936
Cumberland,ME,146.208104395586
Cuming,NE,110.248565149945
Tippecanoe,IN,115.877358411745
Cumberland,NC,60.381922922679
Dade,GA,114.099999999993
Cumberland,NJ,152.483299756367
Dade,MO,124.066031686157
Cumberland,PA,128.148309896634
Jasper,IN,124.362923782874
Cumberland,TN,107.300000000009
Cumberland,VA,120.985485204163
Currituck,NC,112.921964038718
Curry,NM,120.515381519037
Curry,OR,122.599999999992
Kemper,MS,124.10440375587
Kenai Peninsula Borough,AK,250.81028880438
Custer,CO,164.264495433318
Custer,ID,95.4787616822429
Custer,MT,111.288060698608
Custer,NE,112.294147030074
Custer,OK,87.8101181146246
Dakota,NE,104.17502931457
Custer,SD,138.437844474754
Cuyahoga,OH,125.082581262732
Daggett,UT,110.799999999998
Dakota,MN,131.647783928621
Dale,AL,123.775246368695
Dallam,TX,97.5205386681143
Dallas,MO,118.136147320504
Dallas,AL,128.652946412684
Pike,OH,132.24895235439
Dallas,AR,103.454450376811
Dallas,IA,112.020237246509
Dallas,TX,109.675449924526
Danville City,VA,123.434468814778
Dane,WI,155.211857257192
Daniels,MT,106.941460147354
Kinney,TX,117.979303106633
Dare,NC,114.479973562459
Lane,KS,124.387203791467
Darke,OH,116.728119779651
Dauphin,PA,138.845105624612
Lane,OR,99.9087391822661
Darlington,SC,125.556703292401
Davis,IA,148.601435177797
Davidson,NC,109.02777365065
Dawson,GA,104.910500391808
Davidson,TN,103.300000000002
Decatur,KS,126.044838709678
Davie,NC,107.369526945091
Daviess,IN,119.033832199552
Dawson,MT,110.050535560021
Daviess,KY,128.060267828805
Daviess,MO,98.3940767189044
Davis,UT,107.22433610103
Davison,SD,105.739898381439
Dawes,NE,140.899999999995
Dawson,NE,102.951543380838
Dawson,TX,109.67309428951
Day,SD,110.374119415808
Deaf Smith,TX,100.540834292293
Dearborn,IN,119.015498593199
Debaca,NM,119.060586319217
Decatur,GA,116.999032121719
Decatur,TN,107.299999999999
Dekalb,GA,113.918580762002
Deer Lodge,MT,109.973130841118
Defiance,OH,124.377180092498
Dekalb,AL,112.274660118701
Dekalb,IL,122.300000000012
Dekalb,MO,119.269414615906
Delaware,OK,97.9819822669108
Ford,IL,94.277718808066
Dekalb,TN,103.318396649723
Delaware,IA,138.191641577063
Delaware,NY,79.5469810472136
Delaware,OH,130.910878935989
Delaware,PA,140.300000000002
Denali Borough,AK,226.171814671822
Del Norte,CA,173.999999999994
Dent,MO,106.42827455376
Delta,CO,129.822348912161
Des Moines,IA,144.282612955909
Delta,MI,179.344572214349
Desoto,FL,109.152559234507
Ford,KS,116.309734032339
Delta,TX,110.985878360744
Denton,TX,108.737502175378
Denver,CO,114.699999999992
Deuel,SD,113.058471933475
Dewey,OK,108.246436784765
Deschutes,OR,107.864597781854
Desha,AR,103.785705713045
De Witt,IL,122.411077606873
Dickens,TX,108.754838709677
Desoto,MS,89.0742507987724
Dickinson,KS,134.364795753217
De Soto Parish,LA,99.5574029982022
Deuel,NE,108.699999999999
Dimmit,TX,112.461792151348
Dewey,SD,136.600000000004
Dewitt,TX,106.456033245625
Dickenson,VA,113.425103851652
Dickey,ND,104.406108749159
Dickinson,IA,137.659630705082
Dickinson,MI,148.490323287632
Divide,ND,98.5027502750281
Dickson,TN,101.300101913442
Dixon,NE,102.945035313669
Dillingham Census Area,AK,206.099999999995
Dillon,SC,125.454412504348
Dinwiddie,VA,122.676207513433
District of Columbia,DC,128.700000000001
Dixie,FL,124.563457148783
Kiowa,CO,169.409119705707
Doddridge,WV,99.8510653871383
Dodge,NE,104.591181336306
Dodge,GA,117.650115626037
Dodge,MN,132.364637287168
Kiowa,KS,134.886795366796
Dodge,WI,136.751338393274
Dolores,CO,125.821196063588
Dona Ana,NM,120.812268746975
Dooly,GA,114.893019396331
Langlade,WI,142.641745877785
Doniphan,KS,117.234765886691
Donley,TX,114.08814084507
Douglas,GA,114.142862204047
Door,WI,133.805344011092
Dorchester,MD,141.379708375475
Dougherty,GA,114.864703200322
Dorchester,SC,143.424896225407
Douglas,CO,122.742992359328
Douglas,IL,105.379374949129
Douglas,KS,131.219079578173
Douglas,MN,120.84096042658
Douglas,NV,114.200000000007
Douglas,MO,105.388733413754
Douglas,NE,113.055344600977
Douglas,OR,109.104844984336
Douglas,WI,97.4794336165941
Drew,AR,103.269714317628
Dubois,IN,120.215069951334
Dubuque,IA,143.834585965991
Edmunds,SD,113.060917770249
Duchesne,UT,110.800000000005
Dukes,MA,191.099999999998
Dundy,NE,108.7
Dunklin,MO,99.7749423097605
Dunn,ND,90.2560886400426
Dunn,WI,132.787366826355
Garfield,CO,113.432387754741
Dupage,IL,122.26208558298
Garfield,MT,140.599999999999
Duplin,NC,116.530624211674
Durham,NC,105.330365889146
Garfield,NE,111.22640086207
Dutchess,NY,170.507418834718
Duval,FL,110.968621952669
Dyer,TN,109.541668698934
Eaton,MI,151.034202941881
Eagle,CO,118.750060199342
Eau Claire,WI,133.535478358395
Early,GA,120.263646235526
Echols,GA,117.251546041453
Ector,TX,110.199999999988
East Baton Rouge Parish,LA,97.0740209422627
East Carroll Parish,LA,85.761867700286
East Feliciana Parish,LA,97.1999999999945
Eastland,TX,110.01566903393
Edgecombe,NC,118.435617610988
Edgefield,SC,143.783851425161
Edmonson,KY,102.827554625144
Edwards,IL,130.019944225084
Edwards,KS,127.048734693878
Edwards,TX,108.778528428094
Effingham,GA,114.269070052226
Effingham,IL,108.907377866015
Elbert,CO,132.836349494425
Elk,PA,111.383969810051
Forrest,MS,106.544494690698
Elbert,GA,124.12912815389
El Dorado,CA,165.531561495526
Elk,KS,140.42581384686
Elkhart,IN,119.815525228934
Elko,NV,55.4701956729045
Emporia City,VA,121.068460436237
Elliott,KY,132.676796476586
Erath,TX,110.199999999993
Erie,NY,161.276937574227
Ellis,KS,122.126980728049
Ellis,OK,114.635803260846
Fairfax City,VA,114.200000000001
Fairfield,CT,202.038221355855
Ellis,TX,110.200000000031
Ellsworth,KS,139.362446067045
Foster,ND,102.400000000002
Elmore,AL,125.71654752449
Elmore,ID,102.977839615484
Franklin,IA,113.424563773502
El Paso,CO,125.995597539264
El Paso,TX,124.40000000002
Emanuel,GA,113.752244618703
Emery,UT,110.800000000002
Emmet,IA,132.39585895344
Emmet,MI,143.550202759807
Emmons,ND,110.985198135198
Erie,OH,117.822766149159
Erie,PA,126.786087247362
Forest,PA,119.999591491244
Escambia,AL,119.47331524521
Escambia,FL,112.065103099452
Esmeralda,NV,119.448657337376
Fairfield,OH,126.331970895051
Essex,MA,182.692408396576
Falls,TX,88.7999999999969
Falls Church City,VA,114.2
Essex,NJ,162.843577267062
Franklin,KS,113.250130987102
Essex,NY,150.668844100049
Franklin,KY,92.7053544085738
Essex,VA,116.183658187427
Franklin,NY,173.012481274507
Essex,VT,183.47048300537
Estill,KY,109.491953142107
Fannin,GA,116.010321330334
Etowah,AL,126.715935453056
Faulk,SD,109.999775154582
Eureka,NV,99.4643436754158
Fayette,IL,119.726431552029
Evangeline Parish,LA,113.623442864144
Evans,GA,113.426572218382
Fairbanks North Star Borough,AK,226.499209567855
Fairfax,VA,114.200000000033
Fairfield,SC,129.720764002807
Fallon,MT,110.400000000002
Fall River,SD,138.579529080996
Fannin,TX,117.892116713583
Faribault,MN,129.816493834731
Fayette,IN,117.702325847845
Faulkner,AR,85.1824795183441
Fayette,TN,104.202383950657
Fauquier,VA,114.871799386947
Fayette,AL,126.630000820149
Fayette,GA,106.186713604681
Fayette,IA,144.415365994849
Fayette,TX,111.972979203449
Fayette,KY,98.8538391645556
Fayette,OH,122.370685743943
Fillmore,MN,135.199981957352
Fayette,PA,109.284364891521
Fayette,WV,112.092280059836
Fentress,TN,107.300000000015
Fergus,MT,91.2793563768471
Fillmore,NE,98.5198553719012
Ferry,WA,101.563116011498
Fleming,KY,102.555859594032
Franklin City,VA,114.2
Franklin Parish,LA,85.7849817032906
Florence,SC,125.247737490798
Florence,WI,144.709665311227
Forest,WI,143.894333944003
Floyd,GA,114.099999999999
Floyd,IA,115.865775158661
Floyd,IN,114.238250548429
Floyd,KY,117.43892265093
Floyd,TX,106.588913705584
Floyd,VA,113.499999999998
Freeborn,MN,125.649545597858
Foard,TX,108.669064748202
Fond Du Lac,WI,133.530140904009
Forsyth,GA,100.649692049644
Forsyth,NC,104.844707682532
Fort Bend,TX,110.19999999995
Fountain,IN,121.933505389409
Franklin,AL,121.786350769245
Franklin,ID,100.000000000003
Franklin,AR,95.4609289882661
Franklin,IL,121.60438478312
Franklin,FL,118.600000000002
Franklin,GA,122.51467041137
Franklin,MA,184.592988183561
Franklin,NC,108.457186175037
Franklin,ME,146.41286088181
Franklin,NE,103.773075420085
Lanier,GA,114.099999999999
Franklin,MO,105.826094755058
Franklin,MS,94.0655820428045
La Paz,AZ,122.100000000013
Franklin,OH,131.253336810306
Franklin,PA,104.715788558916
Franklin,TN,106.436695751953
Franklin,TX,112.224158490531
Franklin,VA,113.499999999982
Franklin,VT,170.183446114591
Franklin,WA,89.0909248876123
Frederick,MD,110.461638076201
Prowers,CO,132.022516508514
Frederick,VA,116.718015910157
Fredericksburg City,VA,114.200000000001
Freestone,TX,110.30028874484
Frontier,NE,119.781104651162
Fremont,CO,157.902814327579
Fremont,IA,106.525889528974
Fremont,ID,102.15066445182
Fremont,WY,116.249459448572
Fresno,CA,173.978313244081
Frio,TX,111.075610807704
Fulton,AR,113.266871855545
Fulton,IL,122.299999999991
Fulton,IN,112.2985430937
Fulton,GA,113.281028058334
Fulton,KY,115.360244135951
Fulton,NY,175.900000000001
Fulton,OH,122.412402435903
Fulton,PA,113.312987295872
Furnas,NE,114.282330376409
Gadsden,FL,104.291986203042
Gallatin,IL,116.637362876384
Gallatin,KY,100.892761116854
Garfield,OK,104.495596903746
Gallatin,MT,107.954320715472
Gallia,OH,138.13431439948
Garfield,WA,92.3317292437857
Kit Carson,CO,126.302610568998
Galveston,TX,110.123159597343
Garfield,UT,110.800000000003
Garland,AR,102.699999999988
Garrard,KY,103.014798293255
Garrett,MD,110.925048619205
Garvin,OK,99.7594439936602
Gasconade,MO,88.4995944640448
Gaston,NC,107.304247534006
Gates,NC,111.864863713798
Geary,KS,133.398064558894
Geauga,OH,119.739538067625
Gem,ID,103.000000000002
Genesee,MI,153.999999999973
Genesee,NY,175.900000000001
Geneva,AL,125.707723089039
Gentry,MO,142.560254331047
George,MS,108.497672677346
Georgetown,SC,121.794403669731
Gibson,IN,128.246820116285
Gladwin,MI,153.999999999995
Gibson,TN,104.951245325053
Gila,AZ,122.190527539381
Glades,FL,112.4
Gilchrist,FL,125.13723559446
Gilmer,GA,113.457700810601
Giles,TN,117.015055746123
Giles,VA,113.502350532347
Gilliam,OR,107.604085603114
Gilmer,WV,114.400000000002
Gilpin,CO,117.804596273295
Glacier,MT,104.850479821519
Pueblo,CO,158.699034940048
Glascock,GA,120.912641975309
Glasscock,TX,110.64322960471
Glenn,CA,174.000000000004
Gloucester,NJ,158.937659766456
Grant,AR,104.375615499332
Gloucester,VA,114.19999999999
Goochland,VA,114.724945791459
Glynn,GA,114.253977202794
Gosper,NE,108.55182795699
Gogebic,MI,153.000000000009
Golden Valley,MT,107.191896006806
Golden Valley,ND,104.194897236002
Goliad,TX,109.267588706599
Gonzales,TX,109.419749603245
Grant,IN,76.4130129823249
Goodhue,MN,131.261941514619
Gove,KS,122.72702506357
Gooding,ID,103.000000000005
Gordon,GA,112.974584365058
Goshen,WY,134.023630672922
Grady,OK,92.1588420845536
Grafton,NH,178.180594082172
Graham,AZ,83.5853777032367
Graham,KS,125.627780200611
Graham,NC,104.199999999998
Grainger,TN,110.51251910731
Grand,CO,143.097586387833
Grand,UT,110.800000000002
Grant,KS,113.800000000004
Grand Forks,ND,102.721730112646
Lawrence,IN,118.026594651418
Grand Isle,VT,192.699999999997
Grant,KY,102.598733701778
Grant,MN,124.689381803244
Grant,ND,127.69296424452
Grant,NE,108.699999999999
Grand Traverse,MI,85.1883969150873
Grant,SD,113.801343511454
Granite,MT,109.63386808774
Grant,NM,124.503085433308
Grant,OK,90.172139700808
Granville,NC,108.634721015154
Grant,OR,97.8298403983082
Grant,WA,61.1581921660898
Gratiot,MI,140.447300533521
Grant,WI,130.619076065309
Putnam,IL,122.422998629359
Grant,WV,114.4
Graves,KY,116.548915254242
Grant Parish,LA,108.295009198765
Grays Harbor,WA,108.215949318495
Grayson,KY,101.127160493837
Griggs,ND,102.400000000001
Grayson,TX,122.364944551431
Green,KY,97.3543439350132
Grayson,VA,113.412813337332
Greeley,KS,129.499999999999
Greeley,NE,104.150696025334
Guadalupe,NM,124.758531746032
Green,WI,130.74177177908
Greene,AR,86.0993159242143
Greenbrier,WV,113.426414033786
Greene,AL,119.916602316602
Guernsey,OH,136.915277351022
Greene,GA,119.323555292332
Greene,IA,135.066829710024
Greene,OH,119.669911004967
Greene,IL,132.43950634914
Greene,IN,132.030188432922
Hamilton,IA,125.465593754289
Greene,MO,101.354421727356
Greene,MS,109.029022082021
Hamilton,IL,126.16127079159
Greene,NC,115.478726955671
Greene,NY,170.346649897716
Jewell,KS,146.682708492736
Greene,PA,110.800000000012
Greene,VA,118.818788646354
Greene,TN,100.300000000001
Green Lake,WI,130.71715321764
Greenlee,AZ,93.1338168016458
Greensville,VA,118.4549640032
Greenup,KY,120.857444651287
Greenville,SC,120.967421607443
Greenwood,KS,131.23628067329
Greenwood,SC,102.921153216801
Gregory,SD,98.5953652788674
Greer,OK,94.4314865698045
Gregg,TX,110.235979749545
Grimes,TX,99.5787782992387
Grundy,IA,134.198654483384
Grundy,IL,122.300000000004
Grundy,MO,115.500377065541
Grundy,TN,110.433831131535
Guadalupe,TX,108.082534520764
Jim Hogg,TX,111.587202625106
Guilford,NC,106.264684963968
Hamilton,IN,113.064466862851
Gulf,FL,119.764137456975
Gunnison,CO,110.17049051078
Guthrie,IA,123.407588813836
Gwinnett,GA,109.756259957953
Hamilton,KS,127.105939004815
Hamilton,NE,101.290861518821
Haakon,SD,135.299999999999
Habersham,GA,121.178104098432
Hamilton,NY,163.898352654058
Wayne,IN,117.323417238693
Haines Borough,AK,206.100000000002
Hale,AL,123.848985304406
Hale,TX,101.159517882463
Halifax,NC,84.104379834668
Halifax,VA,116.60635876607
Harper,OK,126.63307739558
Hall,GA,108.37580106043
Hall,NE,99.9206115881918
Hall,TX,114.361261906793
Hamblen,TN,107.447380485143
Hancock,WV,114.399999999999
Hamilton,FL,121.543761188679
Hamilton,OH,116.916289851063
Hancock,KY,107.799779947734
Hancock,ME,155.801954808231
Hamilton,TN,103.315304339591
Hamilton,TX,91.9611450714676
Hamlin,SD,112.080644486296
Hampden,MA,175.553584260056
Hancock,MS,112.173927449831
Hampshire,MA,180.851021993679
Hancock,OH,132.637544506648
Morgan,OH,133.337481589864
Hampshire,WV,114.400000000001
Hancock,TN,104.599999999997
Hampton,SC,140.086270103245
Hampton City,VA,114.200000000001
Hancock,GA,121.798682108627
Hancock,IA,135.754410948765
Medina,OH,118.629986553435
Hancock,IL,122.332990962748
Hancock,IN,122.021471360939
Hand,SD,119.160341555976
Hanover,VA,114.82792042058
Hardeman,TX,107.039688491069
Hardin,IA,137.04252049842
Hardin,IL,108.912841897815
Hardin,KY,99.6507516163252
Hardin,OH,132.700565570734
Hardin,TN,110.847740862068
Hardy,WV,114.399999999994
Harford,MD,147.063941424797
Hardin,TX,95.6999999999944
Harmon,OK,89.6357912178963
Harding,NM,165.44111282844
Harding,SD,107.647968885048
Harlan,KY,98.8887253518305
Harlan,NE,118.686515092121
Harnett,NC,114.374140032091
Harney,OR,93.9481018106161
Harper,KS,131.048507877663
Harris,GA,119.465583593134
Harris,TX,110.19999999997
Harrison,MS,105.906498790812
Harrison,IA,111.916663633058
Harrison,OH,130.707153522306
Wilson,TX,104.610685753528
Harrison,IN,115.476517582339
Haskell,TX,110.948163341414
Harrison,KY,101.57673394254
Harrison,MO,118.276802063183
Harrison,TX,109.455890179125
Platte,WY,113.778680347731
Harrison,WV,99.8421323532006
Harrisonburg City,VA,102.588334789663
Hayes,NE,109.701464128843
Hart,GA,121.937205260408
Hart,KY,101.420391908081
Hartford,CT,192.399999999919
Hartley,TX,99.470116375726
Hays,TX,107.403233548485
Harvey,KS,130.464030480893
Haskell,KS,125.550937499998
Haskell,OK,94.1728458237382
Hawaii,HI,315.199999999894
Hot Springs,WY,113.641448495225
Hawkins,TN,95.5098041172097
Houston,TN,103.300000000004
Haywood,NC,37.8992664286028
Winchester City,VA,113.983078548003
Haywood,TN,106.766350582491
Heard,GA,115.959360994649
Hemphill,TX,120.253414364642
Henderson,IL,122.299999999998
Hempstead,AR,108.215434964468
Henderson,KY,100.308184254515
Henderson,TN,104.287558685451
Henderson,NC,104.199999999993
Kosciusko,IN,124.853215597049
Henderson,TX,110.200000000017
Hendricks,IN,115.012768653569
Hendry,FL,110.992407268246
Henry,IL,122.316045615316
Hennepin,MN,131.68539194867
Henry,IN,115.626907438495
Henrico,VA,114.200000000012
Henry,AL,124.022706232438
Henry,KY,100.802506690453
Henry,GA,103.865277838581
Henry,IA,131.443513824882
Henry,MO,111.808126104888
Henry,OH,119.297947295492
Henry,TN,99.5999999999964
Henry,VA,113.511973098922
Hernando,FL,116.815161920022
Herkimer,NY,170.678107025886
Hidalgo,NM,133.514073298432
Hertford,NC,111.399999999997
Hettinger,ND,103.446512847403
Hickman,KY,101.465509702105
Hickman,TN,102.608442204391
Hickory,MO,118.847303058387
Hidalgo,TX,106.77308740311
Highland,OH,126.55984170497
Highland,VA,119.973659117996
Hill,TX,107.89437970726
Highlands,FL,121.514030725658
Hill,MT,90.5929556274435
Hillsborough,FL,112.699898020417
Hodgeman,KS,123.444572158366
Hillsborough,NH,183.94982299886
Hillsdale,MI,147.350134629013
Hinds,MS,81.6254153472078
Hood,TX,90.9854997410783
Hinsdale,CO,130.645859872612
Hitchcock,NE,114.818803037071
Hocking,OH,130.321765402574
Hockley,TX,99.8884686238345
Hoke,NC,49.8360326754576
Holmes,FL,76.3525487684444
Holmes,MS,95.2328105284536
Holmes,OH,128.400579416896
Holt,MO,125.982369426751
Holt,NE,114.788526481382
Hood River,OR,83.1223345924175
Hooker,NE,112.97755376344
Honolulu,HI,260.700000000012
Hopkins,KY,101.316454568294
Hopkins,TX,110.216920996051
Hot Spring,AR,102.856001282691
Horry,SC,127.10739673952
Houghton,MI,228.102320135434
Howard,MO,104.458228291928
Houston,AL,105.622779893236
Howard,NE,107.26514072366
Howard,TX,110.200000000006
Houston,GA,117.077410990974
Houston,MN,134.464595479595
Houston,TX,112.471456978556
Howard,AR,100.370382261345
Howard,IA,147.584251660809
Howard,IN,113.897589663781
Howard,MD,146.924041081728
Hutchinson,TX,100.550985209327
Kossuth,IA,134.839820171768
Howell,MO,102.139099637516
Hubbard,MN,119.215283150316
Jim Wells,TX,110.200000000008
Hudson,NJ,164.585323034129
Monroe,KY,102.900000000003
Hudspeth,TX,134.386829558997
Huerfano,CO,164.274650090361
Hughes,OK,102.257362149694
Hughes,SD,100.204421808764
Humboldt,CA,173.999999999983
Humboldt,IA,107.319501278774
Humboldt,NV,114.200000000006
Humphreys,MS,104.469513415869
Ingham,MI,148.987793170083
Humphreys,TN,103.299999999992
Hunt,TX,110.368370731187
Inyo,CA,157.235627167943
Hunterdon,NJ,133.602777429386
Ionia,MI,151.844720722981
Huntingdon,PA,61.5808775238412
Huntington,IN,113.878576489651
Irion,TX,113.817028447973
Randolph,GA,114.129010360841
Huron,MI,145.529502696538
Huron,OH,122.415917900543
Hutchinson,SD,104.662536395987
Hyde,NC,128.9
Hyde,SD,118.362180579216
Iberia Parish,LA,113.214537712908
Iron,MO,106.406645833488
Iberville Parish,LA,92.2084051460025
Ida,IA,91.8464998510582
Idaho,ID,100.101267006521
Iron,UT,110.039495566792
Imperial,CA,173.994479688572
Itawamba,MS,103.918514175635
Independence,AR,101.930818617346
Johnson,GA,115.388820570149
Indiana,PA,43.0114492544197
Indian River,FL,115.489744818292
Johnson,NE,109.920346320347
Iosco,MI,153.999999999992
Iowa,IA,136.905892857147
Jones,GA,114.725188202541
Iowa,WI,131.995157693525
Iredell,NC,95.7364233921833
Iron,MI,205.333640763286
Jones,IA,141.426991429291
Iron,WI,134.943531032579
Iroquois,IL,94.9332597169282
Irwin,GA,114.086495797163
Isabella,MI,152.955460602311
Isanti,MN,152.352327397693
Island,WA,94.0677750895067
Isle of Wight,VA,116.103511951566
Jackson,KS,124.461259410813
Issaquena,MS,139.722994652407
Jones,MS,105.411478798959
Itasca,MN,131.577570080609
Izard,AR,108.210598109553
Jack,TX,108.630945764652
Jackson,OR,109.872201937718
Jackson,AL,110.182454870576
Jackson Parish,LA,87.5890260898251
Jackson,AR,71.0135047331987
Jackson,CO,143.499999999998
Jasper,IA,136.660381643041
Jackson,FL,66.0721834702429
Jackson,KY,119.069106957431
Jackson,GA,107.802545111777
Jackson,IA,128.306553345325
Jackson,IL,121.816544357846
Jackson,MI,153.871271179038
Jackson,IN,114.867802507048
Jackson,MN,112.650403667898
Jackson,MO,132.639508310389
Jackson,MS,108.229027796983
Jackson,NC,91.7821488548499
Jackson,SD,127.619933416564
Jasper,IL,110.508808484056
Jackson,TN,108.099999999997
Jackson,TX,110.199999999993
Jackson,WI,135.823022642213
Jackson,WV,107.865082815906
James City,VA,114.200000000002
Jasper,GA,97.650013579835
Jasper,MO,126.961877795699
Jasper,MS,109.76711000902
Jasper,SC,137.433316962971
Jasper,TX,113.535763306181
Jay,IN,120.610101543356
Jeff Davis,GA,112.256512937306
Jeff Davis,TX,119.758441558444
Jefferson,ID,99.9999999999949
Jefferson,AL,126.226843994296
Jefferson,AR,102.880791095941
Jefferson,CO,115.081269148021
Jefferson,IL,124.069645407974
Jefferson,FL,128.614942864097
Jefferson,IN,115.686571121914
Jefferson,GA,116.670483095861
Jefferson,IA,142.148144989337
Kalamazoo,MI,152.236922635308
Jefferson,KS,138.399976569828
Jefferson,KY,104.099353777323
Jefferson,MO,106.776388375002
Kalawao,HI,274.6
Jefferson,MS,108.079978624868
Jefferson,MT,67.8450421089154
Jefferson,NE,98.5714101830646
Jerome,ID,103.000000000011
Jefferson,NY,175.899999999995
Jefferson,OH,132.726607924151
Jefferson,OK,95.1903630283889
Jefferson,WI,145.129151967582
Jefferson,OR,109.13176773061
Jefferson,PA,65.4398252793014
Jefferson,TN,111.297372772849
Ransom,ND,102.526120297147
Jefferson,TX,95.6999999999972
Labette,KS,137.514953001562
Jefferson,WA,93.8635426383123
Jennings,IN,116.051798491592
Jefferson,WV,114.399999999998
Jefferson Davis,MS,104.483294693453
Jefferson Davis Parish,LA,22.7339423888248
Jerauld,SD,114.236225843119
Jefferson Parish,LA,86.9256917154113
Jenkins,GA,118.105748502992
Jersey,IL,121.872276538136
Jessamine,KY,99.3364838921107
Jo Daviess,IL,151.355984789436
Johnson,AR,71.0925849493767
Johnson,IA,111.432185708035
Johnson,IL,112.50106866786
Johnson,IN,112.968155845992
Johnson,KS,129.390113036671
Johnson,WY,107.46264420158
Johnson,KY,117.144516334325
Johnson,MO,111.169209393671
Johnson,TN,103.299999999997
Johnson,TX,109.299778913097
Johnston,NC,105.951299579043
Johnston,OK,105.449169656036
Jones,NC,110.151690063156
Jones,SD,135.3
Jones,TX,111.144128394349
Kalkaska,MI,110.268850142832
Josephine,OR,110.621717705647
Juab,UT,110.800000000001
Judith Basin,MT,96.5774238073236
Kanabec,MN,149.920154742968
Kanawha,WV,112.200000000022
Juneau,WI,139.512029425617
Kankakee,IL,122.299999999979
Juneau Borough,AK,118.400000000008
Juniata,PA,129.67424664353
Kandiyohi,MN,129.64128266307
Kane,IL,117.638202637717
Kane,UT,110.8
Kauai,HI,339.982130480615
Kaufman,TX,110.200000000019
Kay,OK,66.584306142057
Kearney,NE,112.371321746161
Kearny,KS,129.062609970675
Keith,NE,121.720067453627
Kendall,IL,122.374819408913
Kendall,TX,96.5502544138191
Kent,MI,153.950533593623
Kenedy,TX,103.366571834991
Kent,RI,184.299999999986
Kennebec,ME,146.200000000015
Kenosha,WI,151.647952526069
Kent,TX,104.865432098766
Kent,DE,131.723618798013
Kenton,KY,102.900000000019
Kent,MD,141.772829250227
Keokuk,IA,141.902506614681
Kern,CA,170.476650815281
Kerr,TX,93.9765659077089
Kimble,TX,108.400940525587
King,TX,97.5405099150141
King,WA,94.3031678469224
Kershaw,SC,126.252104421297
Linn,KS,136.353480916032
Ketchikan Gateway Borough,AK,87.3103890506348
Kewaunee,WI,140.736792452829
Kingfisher,OK,101.656493775346
Keweenaw,MI,126.195472919285
King George,VA,121.768212381175
Keya Paha,NE,133.555693950178
Kidder,ND,110.33055729493
Kimball,NE,108.775424575425
Kingman,KS,141.667526250775
King & Queen,VA,116.496089385478
Kings,CA,167.9868846446
Kings,NY,175.899999999996
Kingsbury,SD,113.980795886427
King William,VA,115.952211934157
Kiowa,OK,87.8048393084598
Kitsap,WA,93.8000000000049
Kittitas,WA,90.8466758819692
Lamar,MS,116.824691619228
Kittson,MN,134.336405412306
Lamoille,VT,178.307050209207
Klamath,OR,109.929688205195
Lamoure,ND,103.51175764847
Kleberg,TX,110.200000000003
Klickitat,WA,110.399999999996
Knott,KY,119.166460654596
Knox,IL,122.311014167653
Knox,IN,116.238035769349
Knox,KY,98.4273731884057
Knox,ME,150.117485114273
Knox,MO,116.207256676915
Knox,NE,102.747230433104
Knox,OH,132.70990693191
Knox,TN,103.299999999974
Live Oak,TX,109.828151746471
Knox,TX,110.200000000001
Kodiak Island Borough,AK,176.594132674785
Lackawanna,PA,140.300000000015
Koochiching,MN,130.995153487731
Kootenai,ID,29.4029412128464
Laclede,MO,98.2844590230869
Lafayette,WI,129.629147264327
Lac Qui Parle,MN,120.049592621063
Lake,IN,130.059865654933
La Crosse,WI,133.459814044045
Lake,MI,152.191436708238
Lafayette,AR,103.767061727375
Lake,OR,105.507775622373
Lafayette,FL,123.527109240484
Lake,SD,115.657051932482
Lampasas,TX,109.599691964869
Lafayette,MO,116.775323375115
Lafayette,MS,105.431184401971
Lafayette Parish,LA,42.7854994077396
Lafourche Parish,LA,85.8657811510807
Lagrange,IN,132.097634217382
Lake,CA,174.000000000031
Lake,CO,115.577549162419
Lake,TN,108.597936137073
Lake,FL,117.466767235278
Lake,IL,122.299999999998
Livingston,IL,116.809550712581
Lake,MN,127.256721096928
Lake,MT,68.1239880815919
Lake,OH,120.453812943799
Lake of The Woods,MN,139.841385435167
Lake & Peninsula Borough,AK,206.100000000003
Lamar,AL,128.415251078854
Lamar,GA,117.826362215892
Lamar,TX,111.132254824446
Lamb,TX,100.318870512305
Lancaster,NE,101.741380110958
Lancaster,PA,139.357665400568
Lancaster,VA,117.514775269469
Los Alamos,NM,132.799999999987
Los Angeles,CA,157.420740380258
Lancaster,SC,117.837930715928
Lander,NV,114.200000000003
Lapeer,MI,155.999905308987
La Plata,CO,154.19999999997
Laporte,IN,128.488862567397
Laramie,WY,151.620680257431
La Salle,IL,119.145108050324
Larimer,CO,104.612299431696
La Salle,TX,111.148435733132
Larue,KY,99.3640199463022
Lauderdale,MS,110.076326294116
Lauderdale,TN,113.912039652211
Laurel,KY,108.004671809944
La Salle Parish,LA,88.8236733396048
Las Animas,CO,137.909705242897
Lassen,CA,172.051970103753
Latah,ID,17.5620700835448
Latimer,OK,98.3112280141487
Lauderdale,AL,120.400000000007
Laurens,GA,119.45844903405
Lavaca,TX,109.598144226475
Lawrence,AL,113.383786369755
Laurens,SC,121.650255968369
Lawrence,AR,101.909769052705
Lawrence,IL,101.173011156447
Lawrence,KY,119.975531042022
Lawrence,MO,123.243726738319
Lawrence,MS,101.426282332311
Lyon,MN,114.702242065795
Lawrence,OH,135.298083119626
Lawrence,PA,130.165712058156
Lawrence,SD,138.565234720986
Lawrence,TN,100.499999999992
Lea,NM,111.061963159883
Leake,MS,100.253775047704
Leavenworth,KS,131.703069575758
Lebanon,PA,128.656572596579
Lee,AL,125.986168501221
Lee,GA,117.275724841203
Lee,AR,102.79202937498
Lee,IL,122.300000000015
Lee,FL,109.844431857429
Lee,KY,115.437991266374
Lee,IA,145.257172687414
Logan,ND,111.953086419755
Lee,MS,99.0057714200356
Lee,NC,111.972653261418
Logan,NE,118.2
Lee,SC,123.468467547646
Lee,TX,107.338406456327
Lee,VA,114.199999999998
Lenawee,MI,155.732752249028
Leelanau,MI,82.5532996842501
Lenoir,NC,109.924240743211
Leflore,MS,102.432857666682
Lewis,MO,116.208379114471
Le Flore,OK,82.1746768415384
Lehigh,PA,140.097930619136
Lemhi,ID,102.031077389282
Leon,FL,119.664617996729
Lewis,NY,175.900000000007
Logan,OH,124.670527938461
Leon,TX,41.9013235394919
Leslie,KY,118.354958072672
Madison,AR,96.4265027829352
Le Sueur,MN,126.177363236224
Lincoln,CO,139.056416275432
Letcher,KY,118.467018800354
Levy,FL,128.696215927306
Lincoln,MN,114.898744939267
Lewis,ID,65.0569047627406
Lincoln,NV,114.037472515059
Lewis,KY,106.742078189305
Lewis,TN,103.299999999997
Lewis,WV,99.8421323531994
Lewis & Clark,MT,27.9999500312897
Lewis,WA,79.7486142162151
Liberty,MT,86.2426823561638
Lexington,SC,142.392123622284
Lexington City,VA,114.2
Liberty,FL,81.2123162252669
Liberty,GA,117.081786790561
Liberty,TX,96.4763478070214
Licking,OH,132.119441418217
Lincoln,WI,143.76478873239
Limestone,AL,97.4000000000096
Limestone,TX,110.199999999996
Lincoln,AR,106.616431874717
Lincoln,GA,119.905004351609
Lincoln,ID,102.94397759104
Lincoln,KS,150.209712867779
Lincoln,KY,103.227932462559
Lincoln,ME,146.215793181149
Lincoln,MO,104.084451735703
Lincoln,MS,96.5542799957066
Lincoln,MT,96.3559224039633
Lincoln,NC,97.902136176711
Lincoln,NE,105.192436947472
Lincoln,NM,143.218947718946
Lincoln,OK,86.0366666369794
Lincoln,OR,99.6700124387565
Madison,MO,105.582020728549
Lincoln,SD,112.954434715185
Lincoln,WY,111.789919791899
Lincoln,TN,109.093860413537
Lincoln Parish,LA,74.832143334004
Linn,IA,144.590860036303
Lincoln,WA,91.4615767121667
Lincoln,WV,112.200000000004
Linn,MO,108.911558599538
Linn,OR,110.142057881591
Lipscomb,TX,105.137040714995
Litchfield,CT,192.399999999963
Little River,AR,100.019417781441
Livingston,KY,104.389575708284
Llano,TX,109.533376205791
Livingston,MI,155.901270685738
Livingston,MO,117.517877616555
Livingston,NY,158.823877339841
Logan,KS,122.170106221547
Logan,KY,103.082073434132
Livingston Parish,LA,97.1974416762011
Logan,AR,97.076520421606
Logan,CO,132.443199704217
Logan,IL,122.511270349357
Logan,OK,94.8951480331726
Long,GA,118.147654035898
Logan,WV,112.200000000008
Lonoke,AR,102.70000000001
Lorain,OH,118.128809959698
Loudon,TN,101.791839089957
Madison,NE,98.190642629013
Loudoun,VA,114.199999999997
Louisa,IA,134.893470889405
Louisa,VA,118.557670707772
Loup,NE,118.729892473118
Madison,OH,120.877548035189
Love,OK,106.174391137596
Loving,TX,110.2
Lowndes,AL,139.841357310327
Lowndes,MS,106.613643014804
Lowndes,GA,112.664266015627
Lubbock,TX,100.557618965273
Lucas,IA,144.624137443441
Lucas,OH,122.400405178156
Luce,MI,137.871107994393
Lynn,TX,102.108347493628
Lumpkin,GA,112.943135329734
Luna,NM,130.008541478585
Lyon,IA,103.61131798233
Lunenburg,VA,122.229200240524
Lyon,KS,132.558024691352
Luzerne,PA,129.704523088952
Lyon,KY,100.180202874049
Lycoming,PA,140.139253889901
Lyman,SD,133.511744186045
Lynchburg City,VA,113.499999999992
Lyon,NV,114.199999999989
Macon,AL,131.584447926248
Mackinac,MI,131.719569873287
Macomb,MI,155.590082508098
Madison,TN,110.106893886567
Macon,GA,115.205687830685
Macon,IL,122.868546882358
Mahnomen,MN,125.167597765365
Macon,MO,128.897205523966
Macoupin,IL,118.768085978182
Madera,CA,173.99986079137
Macon,NC,95.5605270429377
Macon,TN,103.300000000003
Madison,AL,96.9335224910246
Russell,KY,103.032528093668
Madison,FL,126.884411027567
Mahoning,OH,117.600025721315
Madison,GA,106.560787334641
Madison,IA,126.895225588596
Madison,ID,100.027317545149
Major,OK,87.2998724472702
Madison,IL,121.342941069212
Madison,IN,115.541582451055
Madison,KY,99.3478724466735
Madison,MS,83.3522044711829
Madison,MT,101.774359113878
Madison,NC,123.236459756935
Madison,NY,146.362949211298
Madison,TX,99.5787782992476
Manatee,FL,113.39558599163
Madison,VA,118.563327387101
Marion,IL,123.640688025435
Madison Parish,LA,85.8918019848801
Mariposa,CA,173.968273716948
Magoffin,KY,116.916926020413
Mahaska,IA,104.844741474145
Malheur,OR,106.015821710874
Manassas City,VA,106.077329865627
Manassas Park City,VA,104.889052795031
Manistee,MI,99.7117131293613
Manitowoc,WI,126.578396739118
Saint James Parish,LA,86.1104510549062
Marathon,WI,141.737814930553
Maries,MO,105.394952309512
Marengo,AL,123.388725065044
Maricopa,AZ,111.205109318885
Marion,GA,117.860670226478
Marin,CA,173.999999999995
Marinette,WI,143.87985376179
Marion,AL,129.581271190084
Marion,AR,103.172312987442
Marion,IA,112.405756050019
Martin,IN,122.234864726909
Marion,FL,114.698443073778
Marion,IN,103.402740333533
Marion,KS,137.341467304621
Marion,KY,103.168325227587
Marion,MO,115.158318790697
Marion,MS,114.635732254716
Marion,OH,119.67115869143
Marion,OR,81.3650632806103
Marion,SC,125.223888495155
Marion,TN,110.615318319392
Marion,TX,108.331478954617
Marion,WV,100.023759994633
Marlboro,SC,128.954192008973
Marshall,IL,122.302867375587
Marquette,MI,212.21837484401
Marquette,WI,146.190390556325
Marshall,AL,114.762537280058
Marshall,IA,146.076620011831
Martinsville City,VA,114.262279177588
Marshall,KS,131.960548801907
Marshall,KY,106.361235959384
Marshall,MS,107.731011769689
Marshall,MN,130.531111413414
Martin,FL,112.400000000002
Marshall,OK,104.951719658947
Marshall,SD,120.150967558335
Marshall,TN,104.871670876932
Marshall,WV,112.200000000012
Martin,KY,119.037562162728
Martin,MN,122.356504415256
Martin,NC,113.52086883349
Martin,TX,110.104811715482
Mason,IL,127.433617116489
Mason,KY,99.9746795556444
Mason,MI,152.313814975355
Mason,TX,110.200000000002
Massac,IL,122.403185494416
Mason,WA,103.875905272352
Mason,WV,112.200000000005
Matagorda,TX,110.217531305911
Mcdonough,IL,122.299999999996
Matanuska Susitna Borough,AK,197.024191900117
Mathews,VA,114.2
Mcnairy,TN,111.000000000012
Maui,HI,287.000000000038
Maury,TN,105.318445149602
Mcpherson,KS,131.511328108809
Maverick,TX,110.994935835859
Mayes,OK,91.0999999199096
Mcpherson,NE,117.44931880109
Mcpherson,SD,114.300000000002
Mcclain,OK,91.2657701333162
Meade,KS,129.464368098157
Mccone,MT,135.572445464984
Mccook,SD,110.749835317961
Mccormick,SC,135.064191336342
Mccracken,KY,134.072520408453
Mccreary,KY,103.379522246533
Mcculloch,TX,110.199999999998
Mccurtain,OK,96.9319867153931
Mcdonald,MO,124.251871151117
Mcdowell,NC,106.543404476102
Mcdowell,WV,112.20000000001
Mclean,KY,103.863765091667
Mcduffie,GA,115.980968512252
Mclennan,TX,88.8000000000012
Mchenry,IL,122.299999999994
Mchenry,ND,100.896202531644
Mcleod,MN,126.269602310017
Mcintosh,GA,117.749565837992
Mcintosh,ND,116.192899140659
Mcintosh,OK,104.859251526532
Mc Kean,PA,135.693593045713
Mower,MN,129.945340361449
Mckenzie,ND,91.5320187489923
Mckinley,NM,118.745190407604
Mclean,IL,122.121555850153
Mclean,ND,110.857872222995
Mcminn,TN,111.067896406693
Mc Mullen,TX,101.364393939393
Sherman,NE,117.45958747135
Meade,KY,105.651678108282
Mecklenburg,VA,119.044462634045
Sherman,OR,110.348639053254
Meade,SD,136.372587706495
Meagher,MT,111.522797202798
Sherman,TX,99.0492940982121
Mecklenburg,NC,104.062310863061
Mecosta,MI,151.421910064342
Medina,TX,111.542165668664
Meeker,MN,112.392491909377
Miami,IN,123.356140085469
Meigs,OH,133.747793592119
Menard,IL,124.062369044837
Meigs,TN,107.300000000006
Mellette,SD,110.623272214387
Menard,TX,111.07634543179
Mendocino,CA,174.000000000032
Menominee,WI,132.096012337517
Menifee,KY,110.212792511702
Mercer,IL,122.299999999995
Stephens,GA,118.731455516193
Menominee,MI,133.434700439287
Merced,CA,161.856713991216
Mercer,KY,101.082074660247
Mercer,MO,121.741765845556
Mercer,ND,94.0664148411463
Mercer,PA,129.669364462244
Muskingum,OH,133.028326382866
Mercer,NJ,162.13260438595
Mercer,OH,117.364818397696
Mercer,WV,112.200000000009
Meriwether,GA,116.999395977765
Merrick,NE,103.645357951579
Merrimack,NH,169.206594029863
Mesa,CO,127.605276158236
Metcalfe,KY,103.20306485046
Miami,KS,127.977307692311
Miami,OH,122.995021118397
Mifflin,PA,121.070091401556
Miami Dade,FL,112.426724492596
Mille Lacs,MN,150.507262880863
Middlesex,CT,192.431736390605
Middlesex,MA,187.011043260219
Miller,GA,123.48799136069
Middlesex,NJ,159.318365488829
Middlesex,VA,114.199999999996
Midland,MI,153.999999999982
Midland,TX,110.200000000018
Milam,TX,95.1388488029257
Millard,UT,110.800000000001
Miller,AR,99.0281468074618
Miller,MO,105.409739381737
Mills,IA,102.435172935174
Mitchell,KS,138.652955047906
Mills,TX,106.133037912361
Monroe,OH,124.492936068638
Milwaukee,WI,152.69839452611
Miner,SD,114.654443853114
Mineral,CO,155.115930232558
Mineral,MT,99.9462349627575
Mineral,NV,114.221556610123
Mineral,WV,114.399999999994
Mingo,WV,112.199999999994
Minidoka,ID,78.9910231334903
Minnehaha,SD,114.968648184844
Missaukee,MI,153.917600512982
Mississippi,AR,94.53349654859
Montague,TX,75.4674422994388
Mississippi,MO,106.9835587731
Mitchell,GA,123.258683621804
Missoula,MT,32.9114899112543
Mitchell,IA,128.863053733746
Mitchell,NC,102.681164627095
Mitchell,TX,110.280198964294
Mobile,AL,126.599585282456
Modoc,CA,165.625995363853
Moffat,CO,113.848913995442
Mohave,AZ,112.303499846463
Moniteau,MO,90.5099892064739
Monona,IA,119.748422954005
Monmouth,NJ,133.905998220845
Mono,CA,157.538253961511
Monroe,IA,128.407521315472
Monongalia,WV,114.400000000012
Monroe,IL,123.473612418406
Montgomery,AR,102.89304740406
Monroe,AL,123.142967720682
Monroe,IN,117.336067332832
Monroe,AR,102.808746414146
Monroe,FL,110.340743818825
Monroe,GA,103.026125005248
Monroe,MI,155.53190234259
Monroe,MO,110.251585625579
Monroe,MS,106.767468027217
Monroe,NY,128.950498527817
Monroe,PA,111.676826473605
Montgomery,IN,117.814910986467
Monroe,TN,110.287887850455
Monroe,WI,134.293486703484
Monroe,WV,83.7623755643256
Montcalm,MI,151.691458841943
Monterey,CA,174.000000000044
Montezuma,CO,120.200000000004
Montgomery,AL,126.232632492602
Montgomery,GA,122.26951255981
Montgomery,IA,108.285353095028
Montgomery,IL,119.986356175973
Montgomery,KS,124.777889674879
Montgomery,KY,101.260753374683
Morgan,IL,122.696883888433
Montgomery,MD,138.217962438849
Morris,KS,139.931283542038
Morris,NJ,133.840592103526
Montgomery,MO,106.90473971545
Montgomery,MS,91.5952320728461
Montgomery,OH,122.411690407713
Montgomery,PA,139.799990733849
Montgomery,NC,111.675616038361
Montgomery,NY,175.900000000011
Montgomery,TN,103.299999999979
Montmorency,MI,154.021312347371
Montour,PA,140.3
Montgomery,TX,99.5788071524745
Montrose,CO,136.432410404958
Montgomery,VA,114.389949142495
Moody,SD,112.002713531235
Moore,NC,110.381415370977
Morrow,OR,100.721652942969
Moore,TN,106.600000000004
Moore,TX,99.2509650072238
Morton,KS,123.557645511345
Mora,NM,174.538716082063
Morehouse Parish,LA,85.7921538774425
Morgan,AL,115.258432165012
Morgan,CO,120.261210859244
Morgan,GA,111.805217983648
Morgan,IN,127.930978169744
Morgan,MO,111.424681516922
Motley,TX,113.701651376146
Morgan,KY,112.05460485376
Morgan,TN,112.621207069019
Morgan,UT,110.800000000002
Moultrie,IL,119.397520248657
Morgan,WV,114.399999999998
Morrill,NE,123.11887550201
Morris,TX,108.432423938555
Mountrail,ND,84.1544594424143
Morrison,MN,106.735221155039
Morrow,OH,122.260107384315
Morton,ND,109.780825268525
Muhlenberg,KY,98.9942242703486
Multnomah,OR,106.29873125898
Murray,GA,114.095186427314
Murray,MN,118.913856724777
Murray,OK,105.372222773774
Muscatine,IA,114.94962343253
Natrona,WY,112.241515500805
Muscogee,GA,114.633400320605
Muskegon,MI,153.839565624558
Muskogee,OK,106.214389393146
Nemaha,KS,116.492534286263
Musselshell,MT,89.2570920383809
Nacogdoches,TX,110.199999999996
Nance,NE,105.195590327169
Nantucket,MA,199.399999999994
Napa,CA,173.999999999982
Nash,NC,110.210761035282
Nemaha,NE,108.076102941181
Nassau,FL,112.400000000006
Nassau,NY,171.654573093154
Natchitoches Parish,LA,95.5380201903091
Navajo,AZ,119.108290989921
Neosho,KS,121.550464421291
Neshoba,MS,106.307983423322
Navarro,TX,110.122372004977
Nelson,KY,90.4474416664233
Nelson,ND,106.04475391072
Nelson,VA,123.930784598236
Ness,KS,121.982756346854
Nevada,AR,65.9321563028045
Nevada,CA,169.611046511661
Newton,AR,98.3932528516613
Newaygo,MI,152.779446635254
Newton,GA,102.048196684814
Newberry,SC,105.194909404817
New Castle,DE,136.322700071396
Newton,IN,114.590108282203
New Hanover,NC,107.777464178616
New Haven,CT,204.873859101099
Newton,MO,128.849973530965
New Kent,VA,114.199999999997
New London,CT,186.6495699869
New Madrid,MO,106.364978582156
Newton,MS,108.265201863356
Newport,RI,184.299999999992
Newport News City,VA,114.199999999999
Newton,TX,99.9391162146747
Noble,IN,118.217220436188
New York,NY,175.9
Nez Perce,ID,17.5324477219185
Noble,OH,141.524597806769
Niagara,NY,162.106696988785
Noble,OK,70.0842611575228
Nicholas,KY,101.719499188499
Nobles,MN,114.285772066346
Rawlins,KS,122.089078822412
Nicholas,WV,110.000581576802
Nicollet,MN,131.631339600446
Niobrara,WY,111.799999999999
Nodaway,MO,121.28064249763
Nolan,TX,111.18790913709
Nome Census Area,AK,380.123617303308
Norfolk City,VA,114.199999999989
Norfolk,MA,184.517944922489
Norman,MN,126.518874492362
Nye,NV,124.917879672998
Northampton,NC,111.399999999988
Obion,TN,106.16117560074
Northampton,PA,113.583876041389
Obrien,IA,103.432512733447
Northampton,VA,116.699999999999
North Slope Borough,AK,165.093485408331
Northumberland,VA,125.149682251479
Northwest Arctic Borough,AK,325.447294076673
Northumberland,PA,140.299999999993
Norton,KS,125.082762036852
Nottoway,VA,119.447513812149
Nowata,OK,92.2615772630894
Noxubee,MS,115.365082068815
Nuckolls,NE,99.5622284908314
Nueces,TX,110.200000000042
Oakland,MI,155.987621401932
Ochiltree,TX,100.752389515423
Ocean,NJ,134.978287413658
Oceana,MI,152.476035971329
Oconee,GA,110.220904904365
Oconto,WI,145.305255074773
Oconee,SC,102.832319838724
Ogemaw,MI,154.000000000001
Ogle,IL,121.470136002557
Okaloosa,FL,112.399999999992
Okanogan,WA,86.2589557452232
Oglethorpe,GA,120.792460517725
Ohio,IN,127.327210884355
Ohio,KY,101.956060529365
Ohio,WV,112.200000000002
Okeechobee,FL,112.594950704869
Osage,KS,134.347558610969
Okfuskee,OK,93.5023405129511
Oklahoma,OK,104.480665811073
Okmulgee,OK,101.175103665512
Oktibbeha,MS,111.218090643775
Oldham,KY,102.080540747201
Oldham,TX,99.6490875058487
Oliver,ND,89.4420506330308
Olmsted,MN,138.157483935121
Otero,NM,135.931621014816
Oneida,ID,98.7991699756801
Oneida,WI,143.770537514969
Oneida,NY,174.267741231049
Quay,NM,121.473834419976
Onondaga,NY,174.321787883149
Queen Annes,MD,141.759562993014
Queens,NY,175.899999999983
Rio Grande,CO,146.183421196146
Onslow,NC,108.855503806075
Ontario,NY,125.437921133051
Ontonagon,MI,109.846188636671
Orange,CA,163.21861881924
Orange,FL,116.315030339744
Orange,IN,124.580344111218
Orange,NC,108.807445344714
Orange,TX,95.6999999999998
Orange,NY,187.234134703748
Orleans,NY,175.899999999987
Orange,VA,116.336499782663
Orleans,VT,189.336118640534
Orange,VT,179.174005080441
Orangeburg,SC,130.060728263948
Oregon,MO,102.704838484129
Orleans Parish,LA,100.683631855563
Osage,MO,106.078316652197
Osage,OK,93.2386503134365
Osborne,KS,146.84969021066
Ripley,IN,120.053173841257
Osceola,FL,118.630407895394
Osceola,IA,104.838078867541
Osceola,MI,152.116070299923
Oscoda,MI,154.532103222993
Ottawa,KS,135.759703735505
Oswego,NY,175.899999999965
Otero,CO,115.669152629032
Otoe,NE,109.676163151359
Otsego,MI,152.513557967551
Slope,ND,99.9691285081242
Otsego,NY,93.3328072340263
Ottawa,MI,145.604774490333
Ottawa,OH,120.074712322821
Ottawa,OK,103.407752708272
Otter Tail,MN,122.66030828903
Quitman,GA,114.532298136647
Ouachita,AR,105.816514630705
Ouachita Parish,LA,86.0230016854686
Owen,IN,131.265392533903
Ouray,CO,155.899999999996
Ozark,MO,117.828623360202
Outagamie,WI,145.208363333377
Overton,TN,108.040401728952
Owen,KY,101.880868638419
Ozaukee,WI,149.401538266278
Owsley,KY,119.100714771953
Owyhee,ID,102.866349322594
Palo Pinto,TX,109.06630558224
Oxford,ME,146.220257510689
Pacific,WA,83.0999999999975
Page,IA,106.143811087068
Page,VA,113.900000000006
Palm Beach,FL,112.076167424289
Palo Alto,IA,114.769548831702
Pamlico,NC,123.624382021247
Panola,MS,103.644636976037
Panola,TX,110.205225576552
Park,CO,128.123476867761
Park,MT,61.715121008539
Park,WY,121.241061026626
Parke,IN,130.310837871072
Paulding,OH,128.830600851704
Parker,TX,106.392133503325
Parmer,TX,101.415796584004
Pasco,FL,117.646841132018
Pasquotank,NC,125.085341426412
Pawnee,KS,125.848296780213
Pawnee,NE,107.899999999999
Passaic,NJ,161.382952973505
Pennington,MN,117.460139207801
Pennington,SD,137.991481367619
Patrick,VA,113.500049786638
Paulding,GA,113.986590125778
Pawnee,OK,100.727315789173
Payette,ID,103.000000000006
Payne,OK,75.8163328237577
Peach,GA,107.04207103994
Perkins,SD,107.200000000001
Pearl River,MS,106.451711059608
Pecos,TX,112.84204932456
Pembina,ND,106.773391200237
Perry,OH,129.328394274305
Pemiscot,MO,107.783903292507
Penobscot,ME,157.02357350285
Pender,NC,113.249365626923
Pendleton,KY,103.000879384429
Pendleton,WV,114.400000000001
Pend Oreille,WA,70.6657745373534
Peoria,IL,122.299999999998
Pepin,WI,134.787556447571
Perkins,NE,119.269321302474
Perquimans,NC,118.840795781407
Perry,AL,124.827799227798
Petersburg City,VA,114.200000000003
Petroleum,MT,155.069101123595
Perry,AR,102.700000000001
Perry,IL,119.534165532564
Perry,IN,121.42009877022
Perry,KY,119.399350649357
Pettis,MO,109.905641432587
Perry,MO,139.799999999991
Perry,MS,106.698491999541
Perry,PA,140.299999999999
Phillips,KS,121.782824207495
Phillips,MT,110.399999999999
Perry,TN,103.299999999998
Pershing,NV,114.199999999999
Person,NC,114.130569864314
Phelps,MO,100.559525925324
Phelps,NE,99.0199245675618
Piatt,IL,104.567242117973
Philadelphia,PA,140.299999999997
Pierce,ND,101.923265847993
Phillips,AR,102.730785666907
Phillips,CO,124.518666049098
Pickaway,OH,125.164806708365
Pickens,AL,126.123101642403
Pickens,GA,113.828444363765
Pickens,SC,113.246915472552
Pickett,TN,107.335943178061
Pierce,GA,111.557765490325
Pierce,NE,103.116834257972
Pierce,WA,87.3735051961188
Pierce,WI,130.832576906754
Pike,IL,138.595345981162
Pike,AL,110.631538785744
Pike,MO,109.848535704444
Pike,AR,107.493006762719
Pike,GA,115.632284434394
Pike,IN,125.35576902203
Pike,KY,119.386380742893
Pike,MS,93.2077924783821
Pike,PA,135.94641567817
Pima,AZ,112.549079756333
Pine,MN,145.014507791565
Pinal,AZ,86.2885864090983
Pinellas,FL,118.506702647385
Pipestone,MN,130.895632619246
Portage,WI,142.404023672439
Piscataquis,ME,149.637563372584
Potter,TX,100.296222147775
Pitkin,CO,118.067849406456
Pitt,NC,109.611383265142
Powder River,MT,139.560560724572
Pittsburg,OK,91.6738786439151
Piute,UT,110.799999999999
Placer,CA,163.735288740433
Pittsylvania,VA,117.115015488487
Plaquemines Parish,LA,85.8999999999946
Platte,MO,130.676640605057
Platte,NE,110.948199536425
Pleasants,WV,114.341910815036
Poinsett,AR,101.993364925541
Plumas,CA,174.000000000007
Plymouth,IA,94.2221362954669
Polk,GA,114.272446434285
Plymouth,MA,186.174392669495
Pocahontas,IA,123.733057456628
Pocahontas,WV,114.400000000009
Pointe Coupee Parish,LA,91.0999999999995
Polk,AR,104.664799756061
Polk,FL,111.026936007689
Polk,IA,102.592048806286
Polk,MN,120.855454652673
Polk,MO,109.500377267621
Polk,NC,107.55985976258
Polk,NE,115.826520681266
Pope,IL,111.17676822745
Polk,OR,82.432152586123
Polk,TN,106.646440397349
Pope,MN,128.211631175006
Polk,TX,98.8620199719684
Poquoson City,VA,114.199999999999
Polk,WI,137.803260900916
Portage,OH,117.601072792748
Pondera,MT,53.0604690249217
Pontotoc,MS,111.89711777056
Pontotoc,OK,105.155704104943
Pope,AR,102.702082221871
Porter,IN,129.550145898192
Portsmouth City,VA,114.200000000002
Quitman,MS,85.000476663356
Posey,IN,145.143366488877
Powhatan,VA,122.933165286277
Pottawatomie,KS,126.308584460571
Pottawatomie,OK,100.447437207729
Pratt,KS,139.56420213317
Pottawattamie,IA,104.236523334737
Potter,PA,118.263355009742
Potter,SD,118.844640161048
Powell,KY,110.25657701712
Preble,OH,123.285560784929
Prentiss,MS,94.7125819075352
Powell,MT,109.708510638299
Putnam,IN,119.218670960255
Power,ID,102.956496519713
Poweshiek,IA,134.948176140242
Radford City,VA,117.209850269249
Prairie,AR,102.708303606827
Prairie,MT,116.474797687861
Presidio,TX,116.245295055821
Putnam,OH,130.153493132642
Presque Isle,MI,157.871454492624
Preston,WV,114.399999999988
Price,WI,154.292331486479
Prince Edward,VA,118.240690684286
Putnam,WV,112.199999999999
Prince George,VA,114.341897188926
Providence,RI,184.31220168863
Prince Georges,MD,140.480705964055
Prince of Wales Outer Ketchikan Census Area,AK,206.100000000007
Prince William,VA,113.883438044103
Pulaski,AR,102.661311304481
Pulaski,GA,114.863282190133
Pulaski,IL,122.736590705185
Pulaski,IN,117.785995701843
Randolph,AL,124.745916759827
Pulaski,KY,102.011175051706
Pulaski,MO,90.4838946725937
Pulaski,VA,113.569885260924
Pushmataha,OK,103.213420721321
Putnam,FL,113.42923269906
Putnam,GA,114.436296868958
Putnam,MO,115.085268103926
Putnam,NY,120.22068531281
Putnam,TN,105.713031304643
Rabun,GA,120.086176829172
Racine,WI,152.695041202923
Rains,TX,119.800603658153
Raleigh,WV,112.302457362981
Ralls,MO,126.923124585602
Stephens,OK,102.144020518252
Ramsey,MN,131.804076972591
Randolph,AR,117.407409092196
Ramsey,ND,103.414961185604
Randall,TX,100.321551537714
Randolph,IL,121.376464973507
Randolph,IN,118.074415374421
Randolph,MO,108.376014555524
Randolph,NC,112.195535245629
Rappahannock,VA,118.800000000001
Ravalli,MT,52.5417755981897
Stephens,TX,109.771109748623
Randolph,WV,114.400000000009
Rankin,MS,90.7095820992723
Rapides Parish,LA,113.741501613841
Ray,MO,111.991808243993
Reagan,TX,110.947407225363
Real,TX,103.254012219958
Red Lake,MN,124.018568102444
Red River,TX,119.940342607495
Red River Parish,LA,103.808636647888
Red Willow,NE,127.137100103202
Redwood,MN,121.139226245305
Reno,KS,132.586329473529
Reeves,TX,110.628112681472
Refugio,TX,110.423561684461
Rensselaer,NY,166.410854198688
Republic,KS,148.503898768812
Schuyler,NY,97.4736766840059
Renville,MN,125.443985583413
Renville,ND,103.399487704919
Reynolds,MO,104.145819183282
Rhea,TN,104.705385885268
Rice,KS,130.051649091313
Rice,MN,135.272687015664
Richland,OH,120.466634434644
Richland,SC,144.362544710894
Rich,UT,110.799999999999
Richardson,NE,100.040575079873
Richland,IL,102.082411990901
Scotland,MO,142.990926160086
Richland,MT,40.8092352865198
Richland,ND,102.624392421869
Richland,WI,134.611379037794
Richland Parish,LA,85.8236446675483
Richmond,NY,175.900000000003
Richmond,GA,115.210649259907
Ringgold,IA,140.285941443716
Scotts Bluff,NE,139.163819868085
Richmond,NC,112.418440638543
Rio Blanco,CO,118.922216372731
Richmond,VA,129.19525925926
Richmond City,VA,114.200000000009
Riley,KS,131.574129096809
Rio Arriba,NM,134.657784540469
Ripley,MO,97.8999999999975
Roane,TN,104.324368512509
Ritchie,WV,114.400000000003
Riverside,CA,161.257672715233
Roane,WV,109.045635229355
Roanoke City,VA,113.50031551614
Roanoke,VA,113.732402890467
Roberts,SD,114.304306748463
Roberts,TX,103.658052884616
Rock,NE,133.6
Robertson,KY,103.065962891874
Rock,WI,130.27023492011
Robertson,TN,102.004806687578
Rockingham,NC,105.093451246816
Robertson,TX,63.5946597213204
Robeson,NC,53.0695714654171
Rock,MN,116.852222950823
Rockbridge,VA,120.218432960233
Rockland,NY,193.998717704708
Rockcastle,KY,108.318321419117
Rockdale,GA,107.22736695178
Rockingham,NH,172.290315116456
Rockwall,TX,110.199736152008
Stephenson,IL,122.300000000006
Rockingham,VA,114.06103962172
Rolette,ND,100.010488937451
Rock Island,IL,122.299999999983
Sterling,TX,116.700404203717
Roger Mills,OK,119.051455149044
Rogers,OK,103.158332869764
Rooks,KS,125.515474182322
Roosevelt,MT,107.892906962964
Roosevelt,NM,98.9487371062253
Roscommon,MI,154.000000000011
Roseau,MN,126.63583839527
Ross,OH,129.487404986209
Steuben,IN,125.525114328153
Rosebud,MT,121.76919530855
Stokes,NC,111.223003534042
Routt,CO,113.830231930967
Rowan,KY,102.725375048581
Rush,KS,125.013148009018
Rowan,NC,101.910346524686
Runnels,TX,112.022184175124
Rush,IN,119.36256862179
Rusk,TX,111.255140443665
Rusk,WI,136.878334365872
Stonewall,TX,109.037605633803
Russell,AL,124.583815042802
Russell,KS,126.38518643496
Russell,VA,113.502416686851
Shelby,MO,119.966797458892
Rutherford,NC,104.637170112697
Saginaw,MI,154.000000000016
Rutherford,TN,100.516154383087
Rutland,VT,173.291818522548
Saint Charles Parish,LA,85.8778248585026
Sabine,TX,115.906295569269
Sagadahoc,ME,146.200000000011
Sabine Parish,LA,103.691528419137
Sac,IA,112.422857142861
Shelby,OH,121.227026665284
Sacramento,CA,139.233012914694
Saguache,CO,132.998988496627
Tipton,IN,105.399009312602
Saint Bernard Parish,LA,87.0122533406544
Tishomingo,MS,105.399999999996
Saint Charles,MO,103.100719616291
Saint Clair,AL,126.531028248594
Saint Clair,IL,121.012443921402
Saint Francis,AR,102.812769075066
Saint Clair,MI,156.000000000038
Saint Clair,MO,119.060698689954
Saint Croix,WI,132.644474460763
Sainte Genevieve,MO,139.661309608584
Saint Francois,MO,106.39818066979
Saint Helena Parish,LA,96.1597308526736
Saint Johns,FL,112.005946511163
Saint John The Baptist Parish,LA,86.2845316532741
Towner,ND,102.400000000001
Saint Joseph,IN,113.440064058867
Saint Joseph,MI,101.253533801454
Saint Louis City,MO,107.299999999996
Saint Landry Parish,LA,106.788174660956
Saint Lucie,FL,112.399999999997
Saint Martin Parish,LA,90.5448900725222
Saint Lawrence,NY,167.455938184116
Saint Louis,MN,114.018892270751
Saint Mary Parish,LA,111.409317411783
Saint Louis,MO,107.262146300724
Saint Marys,MD,130.700000000022
Saint Tammany Parish,LA,108.736584016955
Salem City,VA,116.285196761576
Salem,NJ,157.500000000006
Sanborn,SD,108.689022392136
Saline,AR,100.246186080668
Saline,IL,111.961814669628
Saline,KS,132.20191162236
Sanders,MT,104.69731010632
Saline,MO,133.202850627135
Saline,NE,98.5234627441484
Salt Lake,UT,110.800000000029
Saluda,SC,143.474050007066
San Francisco,CA,174.000000000002
Wyoming,PA,88.0920504947783
Sampson,NC,115.087769525769
San Augustine,TX,116.824226044231
Sheridan,MT,96.6961616161629
San Benito,CA,174.000000000007
San Bernardino,CA,159.449351639436
San Diego,CA,207.136385415427
San Juan,CO,155.895380434784
Sandoval,NM,127.47617763965
Sandusky,OH,125.502342715225
Sangamon,IL,113.919463566108
Sanilac,MI,146.9793227828
San Jacinto,TX,98.8226475106603
San Joaquin,CA,174.053096900903
Sanpete,UT,110.799999999993
San Juan,NM,120.996757666537
San Juan,UT,110.799999999995
Santa Cruz,AZ,108.299139139794
San Juan,WA,133.500000000002
San Luis Obispo,CA,174.000000000011
Sarasota,FL,112.293226348709
San Mateo,CA,170.721034067651
Sargent,ND,102.90940147581
San Miguel,CO,155.638510242077
San Miguel,NM,135.488264249705
San Patricio,TX,110.415114534358
San Saba,TX,107.546584867076
Santa Barbara,CA,164.054800395028
Santa Clara,CA,163.102049628888
Santa Cruz,CA,174.000000000005
Santa Fe,NM,126.677094586221
Sarpy,NE,108.645237598345
Santa Rosa,FL,109.872884664418
Saratoga,NY,159.880946863709
Sauk,WI,131.010908309256
Schenectady,NY,175.900000000006
Saunders,NE,104.5989744674
Sawyer,WI,137.072703545756
Schleicher,TX,113.111067657409
Schley,GA,116.526296809985
Schoharie,NY,169.271282660731
Schoolcraft,MI,140.650009230041
Schuyler,IL,123.741363104447
Schuyler,MO,130.075562421113
Schuylkill,PA,140.299999999948
Scioto,OH,132.71803245591
Scotland,NC,80.3141162070941
Scott,AR,98.9780093809886
Scott,IA,105.410548961616
Scott,IL,136.136255896138
Scott,IN,114.729473081322
Scott,KS,128.982850574712
Seminole,GA,126.096352630762
Scott,KY,99.4324561639059
Seneca,NY,114.999999999998
Scott,MN,129.104294516642
Seneca,OH,131.49261976037
Scott,MO,96.2133826786167
Scott,MS,103.838254452506
Scott,TN,116.500000000006
Scott,VA,112.135404490694
Screven,GA,128.344777196462
Scurry,TX,110.892930430423
Searcy,AR,104.506429678217
Sebastian,AR,98.8505888125453
Sedgwick,CO,124.493066476056
Suffolk City,VA,114.417247037369
Sedgwick,KS,130.029895932755
Sequatchie,TN,110.391332337046
Seminole,FL,116.057522554326
Sevier,UT,110.800000000005
Seminole,OK,103.879662768281
Seward,KS,129.497687094873
Sequoyah,OK,108.972891383773
Seward,NE,107.812736208206
Shackelford,TX,110.391609229847
Sevier,AR,97.4900812310508
Sevier,TN,102.108231859377
Shannon,MO,103.251164874551
Shannon,SD,114.455212938011
Sharkey,MS,91.1334337349403
Sharp,AR,105.789483855843
Shasta,CA,170.825873825586
Shawano,WI,130.370993818356
Shelby,IA,122.820530555778
Sheridan,ND,101.789232531501
Shawnee,KS,131.607693426118
Sheboygan,WI,133.474200176572
Shelby,AL,126.581254956986
Shelby,IL,127.959791674405
Shelby,IN,118.180016519565
Shelby,KY,100.630424424802
Shelby,TN,103.299999999983
Shelby,TX,112.596652270344
Shenandoah,VA,114.076451612887
Sheridan,NE,139.198344295757
Sherburne,MN,133.487644704638
Sheridan,KS,122.156720098642
Sheridan,WY,110.772929705951
Sherman,KS,141.650154292972
Shiawassee,MI,153.999999999959
Sibley,MN,125.340755467198
Shoshone,ID,100.014606411252
Simpson,KY,105.160597302505
Sierra,CA,156.042939609234
Skamania,WA,90.7442625169133
Sierra,NM,137.49803230543
Simpson,MS,94.2240576705564
Silver Bow,MT,107.12712883292
Sioux,IA,93.7149273217885
Sioux,ND,140.323114653583
Sioux,NE,113.253511705686
Siskiyou,CA,174.000000000008
Sitka Borough,AK,110.420490857439
Skagit,WA,93.7999999999766
Skagway Hoonah Angoon Census Area,AK,206.100000000001
Smith,KS,136.831416184967
Smith,MS,102.266928803605
Smyth,VA,113.500000000015
Snohomish,WA,96.3863292547204
Smith,TN,108.1
Spalding,GA,100.358369216651
Smith,TX,110.199999999962
Snyder,PA,140.300000000008
Socorro,NM,155.299999999995
Spink,SD,100.84087272727
Solano,CA,173.999892920746
Somerset,MD,141.762644849481
Somerset,ME,147.598465018185
Somerset,NJ,155.3462948408
Stanton,NE,109.217266366817
Somerset,PA,51.9970979508205
Somervell,TX,107.739984670415
Sonoma,CA,173.999999999965
Stark,IL,122.353198582925
Southampton,VA,116.882647975074
Southeast Fairbanks Census Area,AK,220.53778459555
Sullivan,MO,119.521424214681
Spartanburg,SC,122.969461709813
Stark,ND,97.9775044701723
Spencer,IN,144.89899336806
Spencer,KY,95.3956020328392
Spokane,WA,91.3327042573123
Stark,OH,127.360690142481
Spotsylvania,VA,115.367540455512
Stafford,KS,132.90232690125
Sullivan,PA,132.225625419185
Stafford,VA,114.236459776456
Stanislaus,CA,172.738401846032
Thomas,GA,124.730735390541
Stanley,SD,121.839514197741
Starke,IN,129.574639655038
Stanly,NC,111.19515525038
Stanton,KS,124.883291010665
Starr,TX,110.966664365592
Staunton City,VA,114.199999999999
Steele,ND,104.100980957878
Stearns,MN,130.063684715686
Steele,MN,130.628393731063
Steuben,NY,112.966750144657
Stevens,KS,127.242531876135
Stevens,MN,121.139688006481
Stevens,WA,92.3426099208562
Stewart,GA,120.163381642512
Stewart,TN,103.300000000003
Stillwater,MT,97.1740547399576
Stoddard,MO,104.965769223689
Stone,AR,102.789498767131
Stone,MO,120.442963029518
Stone,MS,110.540667669835
Storey,NV,114.2
Story,IA,120.521231268383
Sullivan,IN,114.198710232159
Strafford,NH,184.486277009601
Stutsman,ND,102.47086451019
Sublette,WY,111.775233724274
Suffolk,MA,191.100000000003
Suffolk,NY,175.977555268017
Thomas,KS,107.60310974042
Sullivan,NH,181.774576854494
Sully,SD,104.977134791814
Thomas,NE,118.2
Sullivan,NY,126.653692478189
Throckmorton,TX,108.944523655216
Sullivan,TN,103.300000000037
Valencia,NM,128.521521082313
Valley,ID,102.155998713415
Summers,WV,105.112157475315
Summit,OH,117.937581711362
Summit,UT,110.800000000015
Valley,NE,116.914495365606
Summit,CO,115.220584179101
Sumner,KS,145.195589586232
Sumter,FL,116.99518278464
Sumner,TN,101.570188660942
Sunflower,MS,88.5321480021241
Sumter,AL,124.254150702428
Thurston,NE,126.482541206588
Sumter,GA,116.295698963178
Surry,NC,113.182003300015
Sumter,SC,123.145803616923
Van Buren,IA,143.360875731253
Surry,VA,114.199999999995
Susquehanna,PA,87.7620298719812
Sweet Grass,MT,49.8854662243802
Sussex,DE,130.577859626145
Sussex,NJ,130.178649319123
Sussex,VA,114.503682028785
Sutter,CA,174.000000000027
Sutton,TX,111.833789770442
Sweetwater,WY,111.692347413235
Swift,MN,115.385068337128
Suwannee,FL,122.804385088752
Swain,NC,104.200000000001
Swisher,TX,110.995279039582
Switzerland,IN,129.052114315277
Talbot,GA,114.402714358196
Talbot,MD,108.618043357064
Taliaferro,GA,134.089049586777
Tallahatchie,MS,85.0360930735926
Talladega,AL,120.488209962565
Tallapoosa,AL,114.054366159587
Tama,IA,139.029191044544
Taney,MO,128.6834941012
Tangipahoa Parish,LA,87.2949958520778
Taylor,WI,123.997455657495
Taos,NM,159.699999999989
Tarrant,TX,110.20000000002
Taylor,WV,100.039338618646
Winneshiek,IA,147.993144005811
Tate,MS,85.7642243128564
Tift,GA,113.487919204559
Tattnall,GA,116.006027959473
Tazewell,IL,122.324120141066
Taylor,FL,126.237245094262
Terrell,GA,117.952885747932
Taylor,GA,114.736065573772
Taylor,IA,116.263453411152
Taylor,KY,98.0950985591709
Taylor,TX,110.272050248514
Tazewell,VA,113.481192102602
Tehama,CA,173.999999999988
Walworth,SD,117.363676148795
Telfair,GA,115.774412898703
Teller,CO,136.105447134177
Tensas Parish,LA,88.9627449371032
Terrebonne Parish,LA,85.8725216178433
Terrell,TX,132.168060836502
Terry,TX,105.317147691082
Warren,IN,111.787511079108
Teton,ID,111.774467807237
Teton,MT,53.4032837348978
Texas,MO,106.000204736611
Teton,WY,111.800000000008
Texas,OK,111.732209159394
Thayer,NE,96.6317198764141
Thurston,WA,93.799999999988
Tillamook,OR,96.4993235957231
Tioga,NY,115.000000000021
Tillman,OK,106.04975212667
Tioga,PA,104.656973209663
Tipton,TN,75.1149653016448
Titus,TX,110.451955439362
Todd,KY,102.900000000005
Towns,GA,127.200000000002
Todd,MN,112.836414979898
Todd,SD,109.616803069049
Troup,GA,118.024015496085
Tolland,CT,192.398163965413
Tom Green,TX,110.346752491178
Tompkins,NY,113.536245657266
Tooele,UT,110.800000000011
Toole,MT,81.8393675298796
Toombs,GA,117.911532131506
Torrance,NM,163.688772962375
Traill,ND,105.706712395887
Trousdale,TN,103.299999999998
Transylvania,NC,41.4388137750105
Traverse,MN,118.285630193905
Travis,TX,109.923953929929
Treasure,MT,158.293848857644
Trego,KS,122.408550983898
Trumbull,OH,113.972958428841
Trempealeau,WI,130.581197469037
Treutlen,GA,121.143780359028
Trigg,KY,102.900000000007
Trimble,KY,103.191074074075
Trinity,CA,174.000000000002
Trinity,TX,98.1883693979403
Turner,GA,114.378376056139
Tripp,SD,104.483091482652
Tucker,WV,114.399999999998
Tulare,CA,160.28655026835
Turner,SD,108.224584555227
Tulsa,OK,87.6221943663425
Tunica,MS,87.2389939665133
Tuolumne,CA,173.920153430201
Uinta,WY,110.804486891861
Tuscaloosa,AL,126.492769411961
Tuscarawas,OH,130.863383899754
Tuscola,MI,147.91249032312
Twiggs,GA,116.679708002219
Twin Falls,ID,102.997101124532
Warren,NC,53.8594327646645
Tyler,TX,97.2972381719834
Tyler,WV,114.399999999999
Tyrrell,NC,111.399999999999
Uintah,UT,110.799999999994
Ulster,NY,174.339908047582
Umatilla,OR,101.621205542286
Unicoi,TN,55.5252895382948
Union,FL,114.447470039944
Union,AR,102.700000000014
Union,GA,127.199999999992
Union,IA,144.594985600547
Union,MS,103.132630544092
Union,IL,122.736590705192
Union,IN,116.218326716942
Union,KY,100.978390461994
Union,NC,111.266148579765
Union,OH,127.217941753006
Union,PA,116.59867226086
Union,NJ,160.348186760051
Union,NM,161.951930551957
Union,OR,96.900000000003
Walworth,WI,137.421797274525
Union,SC,112.1618660813
Van Buren,MI,105.647534727128
Union,SD,115.729336457201
Union,TN,103.393268085107
Upshur,WV,99.8421323532007
Union Parish,LA,88.2671852382939
Upshur,TX,108.617813300562
Upson,GA,113.791559393842
Upton,TX,110.339316484778
Utah,UT,106.478737501553
Uvalde,TX,109.999726347131
Valdez Cordova Census Area,AK,258.800614445854
Valley,MT,110.400000000002
Val Verde,TX,111.241969084421
Van Buren,AR,105.859030006146
Van Buren,TN,103.651099830797
Vance,NC,108.429110317716
Wapello,IA,147.230054030413
Vanderburgh,IN,150.59979535621
Van Wert,OH,131.458946955651
Vigo,IN,113.982817885825
Van Zandt,TX,110.200000000015
Venango,PA,60.7009292293599
Ventura,CA,158.408290346295
Vermilion,IL,120.613116565157
Warren,PA,140.278027215891
Vermilion Parish,LA,47.7508621994227
Vermillion,IN,113.9
Vernon,MO,113.259634604366
Vernon,WI,134.872307150104
Vilas,WI,142.367272727262
Vernon Parish,LA,103.573682861583
Vinton,OH,135.277984824024
Waseca,MN,134.434577665291
Victoria,TX,110.002177068209
Virginia Beach City,VA,114.199999999998
Wabash,IL,111.690250367227
Volusia,FL,113.420046818059
Wabasha,MN,129.904766801765
Wake,NC,107.881616337018
Wabaunsee,KS,142.381999999998
Wade Hampton Census Area,AK,485.74066907182
Wadena,MN,107.550228761265
Wagoner,OK,92.7764683607712
Wahkiakum,WA,93.8000000000005
Washakie,WY,115.475275167787
Wakulla,FL,123.003732922156
Waldo,ME,146.250205335016
Walker,AL,126.600000000018
Walker,GA,113.987529529064
Walker,TX,99.5787782992359
Wallace,KS,124.845602365116
Ware,GA,114.540268602764
Walla Walla,WA,95.3190088083446
Wallowa,OR,110.080232161145
Waller,TX,87.4773952817368
Walsh,ND,107.984228416046
Walthall,MS,101.629328306375
Walton,FL,112.318600265854
Walton,GA,110.811244680173
Warren,IL,122.300000000003
Ward,ND,102.435776963689
Ward,TX,110.199999999998
Warren,GA,115.384077239633
Warren,IA,110.171648344713
Warren,KY,103.249355711295
Warren,MO,104.119367630407
Warren,MS,85.8057287065894
Warren,NJ,131.795444774414
Warren,NY,175.899999999991
Warren,OH,116.439309919919
Warren,TN,102.365553090763
Warren,VA,112.998455150747
Warrick,IN,149.902599200598
Washburn,WI,134.53653161175
Wasatch,UT,107.757773359834
Wasco,OR,70.0465337985841
Washington,AL,127.674833887039
Washington,NC,113.369736385706
Washington,AR,96.8298242578913
Washington,CO,141.383191690272
Washington,WI,149.142985506351
Washington,FL,75.7141278973596
Wayne,NC,107.776302450005
Washington,GA,116.716464102244
Washington,IA,143.451332812852
Washington,ID,101.316208908494
Wayne,NE,108.416283818272
Washington,IL,124.074858086144
Webster,KY,103.454774494556
Washington,IN,118.624121437919
Washington,KS,141.935721071628
Washington,KY,96.4725582930087
Washington,MD,100.009456823062
Washington,ME,162.198945039328
Webster,WV,114.4
Washington,MN,131.937587381424
Wells,ND,102.400000000001
Washington,MO,108.263137499201
Washington,NE,108.741426356588
Washington,MS,88.7215112881884
Washington,UT,95.9061448388194
Washington,NY,164.636451761819
Washington,OH,133.850437456121
Washington,OK,87.3107129262351
Washington,OR,104.304451128835
Windham,CT,192.398886559249
Washington,PA,110.800000000033
Washington,RI,188.27539085468
Washington,TN,103.300000000013
Washington,TX,98.5550120349846
Washington,VA,113.643017836329
Washington,VT,173.809661130864
Winnebago,IA,121.908524426716
Washington Parish,LA,93.3100833233365
Washita,OK,86.5795917188507
Washtenaw,MI,155.892119581302
Washoe,NV,114.200000000034
Waushara,WI,137.772857997566
Watauga,NC,99.2377340500801
Watonwan,MN,113.529050201439
Wayne,IL,126.667889033433
Waukesha,WI,151.593315306853
Waupaca,WI,136.798413062421
Wayne,GA,112.299610572539
Wayne,IA,140.747440406407
Wayne,KY,105.600000000002
Wayne,MO,103.081471910105
Wayne,MI,154.663378406995
Wayne,MS,105.628373963301
Wayne,NY,120.645582691135
Wayne,OH,126.17900730626
Wayne,PA,140.300000000018
Wayne,TN,110.8
Weakley,TN,99.0999999999994
Wayne,UT,110.800000000001
Wayne,WV,112.200000000002
Waynesboro City,VA,114.2
Webster,GA,118.742417926002
Webb,TX,110.42734430266
Webster,IA,105.29902358295
Weber,UT,110.799999999991
Webster,MO,86.8792458561118
Webster,MS,109.995782784517
Webster,NE,100.001689823508
Webster Parish,LA,93.4966582803908
West Baton Rouge Parish,LA,91.0999999999969
Weld,CO,116.848396734954
Wells,IN,109.144489544817
West Carroll Parish,LA,85.8008890701139
Westchester,NY,172.889063418547
Wheatland,MT,106.088504480214
West Feliciana Parish,LA,97.1865130768174
Westmoreland,PA,110.966879361729
White,IN,130.021550445567
Westmoreland,VA,125.553043478264
Weston,WY,108.128019421405
Wibaux,MT,105.583047853438
Wetzel,WV,114.008965550364
Wichita,KS,129.500000000001
Wexford,MI,153.880110796963
Wharton,TX,110.48404824667
Whatcom,WA,92.7867848797295
Wheeler,GA,116.107869525548
Wheeler,NE,111.230410958904
Wheeler,OR,109.026167315174
Wheeler,TX,107.811986934356
White,AR,102.678948145974
Wichita,TX,110.200000000005
White,GA,125.97709365899
White,IL,125.336588141835
White,TN,103.163135942055
Wilkinson,GA,116.837168266515
White Pine,NV,68.9680387409226
Whiteside,IL,122.33580747222
Whitfield,GA,104.767587501262
Whitley,IN,115.267823456823
Whitley,KY,100.732748522398
Whitman,WA,83.6909149283301
Wicomico,MD,141.971311659202
Winnebago,IL,122.29999999999
Wilbarger,TX,110.200000000001
Wilcox,AL,130.083505639095
Wilcox,GA,114.40951219512
Willacy,TX,106.979606284544
Wilkes,GA,127.553355405576
Williams,OH,120.133583182521
Wilkes,NC,115.287313639482
Wilkin,MN,124.781026653506
Wilkinson,MS,101.904172788718
Williamson,IL,120.922060237599
Will,IL,122.300000000066
Williams,ND,100.392293798912
Williamsburg,SC,127.565544733035
Williamsburg City,VA,114.200000000001
Williamson,TN,99.5879209484604
Wilson,NC,109.232153500509
Williamson,TX,86.0934110232173
Wilson,KS,123.860581732038
Wilson,TN,99.9121517018946
Windham,VT,173.30000000001
Winnebago,WI,143.70513830379
Windsor,VT,170.981900141478
Winkler,TX,110.200000000001
Winn Parish,LA,71.5985940743655
Woodford,IL,122.320749869701
Winona,MN,132.249857613301
Winston,AL,125.573092327133
Winston,MS,114.317214503548
Wirt,WV,114.4
Wise,TX,88.8461666674712
Wise,VA,113.986695572383
Wolfe,KY,110.524843189967
Wood,OH,126.289449719721
Wood,TX,111.172756037745
Wood,WI,108.972560339536
Wood,WV,114.38397001539
Woodbury,IA,104.905992938374
Woodford,KY,98.8523797607765
Woodward,OK,111.283878815409
Woodruff,AR,83.6665176833726
Woods,OK,98.6588576159457
Woodson,KS,134.75992251399
Wright,IA,118.7980775922
Worcester,MA,189.766273902992
Worcester,MD,141.786127458536
Wright,MO,92.033927492444
Worth,GA,125.619041085999
Worth,IA,140.394830132939
Worth,MO,124.441988950276
Wrangell Petersburg Census Area,AK,157.457977426129
Wright,MN,125.656591894318
Wyandot,OH,129.781600972096
Wyandotte,KS,129.589396531849
Wyoming,NY,123.919653126165
Wyoming,WV,112.199999999996
Wythe,VA,113.500000000017
Yadkin,NC,120.065833747068
Yakima,WA,93.7464829500118
Yakutat Borough,AK,206.100000000001
Yalobusha,MS,106.663887924046
Yankton,SD,105.131325648417
Yamhill,OR,82.4328035915447
Yates,NY,99.1479262806847
Yancey,NC,126.310820425293
Yavapai,AZ,122.100000000009
Yazoo,MS,125.969302372824
Yell,AR,102.756185988065
York,VA,114.199999999998
Yellow Medicine,MN,120.421960019497
Young,TX,106.944831020106
Yuba,CA,174.00000000002
Yukon Koyukuk Census Area,AK,267.100420168066
Yellowstone,MT,110.379751190286
Yoakum,TX,100.807149564051
Yolo,CA,173.995424561007
York,ME,145.017803511867
York,NE,97.6108211693769
York,PA,128.391367906332
York,SC,96.8789541826971
Zapata,TX,110.744050463534
Yuma,AZ,121.910292588445
Yuma,CO,129.273600659721
Zavala,TX,111.284602835989
Ziebach,SD,136.528137128074
