"year","month","mei","mei_lag12","npgo","npgo_lag12","pdo","pdo_lag12"
1980,1,0.677,0.608,-0.978792923333333,-0.62967499,-0.0166666666666667,-0.36
1980,2,0.601,0.379,-1.38887589666667,-0.62114414,0.263333333333333,-0.78
1980,3,0.684,0.002,-1.59208716666667,-0.458971533333333,0.766666666666667,-0.536666666666667
1980,4,0.912,0.301,-0.979723802666667,-0.632163113333333,1.3,-0.0466666666666667
1980,5,0.958,0.374,-0.475883982666667,-0.81500131,1.26,0.76
1980,6,0.911,0.429,-0.319774766,-0.87962938,0.823333333333333,0.716666666666667
1980,7,0.769,0.396,-0.62799143,-0.917591746666667,0.403333333333333,0.7
1980,8,0.329,0.615,-0.918769883333333,-1.07398596333333,0.173333333333333,0.51
1980,9,0.263,0.759,-0.923492126666667,-1.06135029666667,0.28,0.786666666666667
1980,10,0.192,0.655,-0.615355887333333,-0.88290183,0.653333333333333,0.86
1980,11,0.248,0.734,-0.299145240666667,-0.62992959,0.606666666666667,0.846666666666667
1980,12,0.111,1.004,-0.161075044,-0.54880309,0.54,0.373333333333333
1981,1,-0.25,0.677,-0.22720301,-0.978792923333333,0.286666666666667,-0.0166666666666667
1981,2,-0.14,0.601,-0.53494929,-1.38887589666667,0.65,0.263333333333333
1981,3,0.455,0.684,-0.670896743333333,-1.59208716666667,1.01333333333333,0.766666666666667
1981,4,0.669,0.912,-0.79166241,-0.979723802666667,1.3,1.3
1981,5,0.189,0.958,-0.372529246666667,-0.475883982666667,1.39666666666667,1.26
1981,6,-0.024,0.911,-0.1394097222,-0.319774766,1.63,0.823333333333333
1981,7,-0.026,0.769,-0.105860488866667,-0.62799143,1.42666666666667,0.403333333333333
1981,8,-0.09,0.329,-0.404988955533333,-0.918769883333333,0.903333333333333,0.173333333333333
1981,9,0.174,0.263,-0.4069364301,-0.923492126666667,0.48,0.28
1981,10,0.101,0.192,-0.327515566766667,-0.615355887333333,0.26,0.653333333333333
1981,11,-0.039,0.248,0.157134343233333,-0.299145240666667,0.466666666666667,0.606666666666667
1981,12,-0.126,0.111,0.329880646666667,-0.161075044,0.55,0.54
1982,1,-0.258,-0.25,0.359158516666667,-0.22720301,0.603333333333333,0.286666666666667
1982,2,-0.125,-0.14,-0.184069173333333,-0.53494929,0.403333333333333,0.65
1982,3,0.1,0.455,-0.564699126666667,-0.670896743333333,0.243333333333333,1.01333333333333
1982,4,0.008,0.669,-0.855078566666667,-0.79166241,0.0666666666666667,1.3
1982,5,0.443,0.189,-0.894959713333333,-0.372529246666667,-0.193333333333333,1.39666666666667
1982,6,0.93,-0.024,-0.97060283,-0.1394097222,-0.516666666666667,1.63
1982,7,1.612,-0.026,-0.817096953333333,-0.105860488866667,-0.26,1.42666666666667
1982,8,1.778,-0.09,-0.638386033333333,-0.404988955533333,0.0633333333333333,0.903333333333333
1982,9,1.783,0.174,-0.509040683333333,-0.4069364301,0.603333333333333,0.48
1982,10,2.001,0.101,-0.64109296,-0.327515566766667,0.533333333333333,0.26
1982,11,2.394,-0.039,-0.777458466666667,0.157134343233333,0.32,0.466666666666667
1982,12,2.425,-0.126,-0.702422883333333,0.329880646666667,0.126666666666667,0.55
1983,1,2.677,-0.258,-0.165291813333333,0.359158516666667,0.19,0.603333333333333
1983,2,2.931,-0.125,0.281384766666667,-0.184069173333333,0.653333333333333,0.403333333333333
1983,3,3.008,0.1,0.502978513333333,-0.564699126666667,1.27,0.243333333333333
1983,4,2.812,0.008,0.0612550066666667,-0.855078566666667,1.70666666666667,0.0666666666666667
1983,5,2.498,0.443,-0.344720186666667,-0.894959713333333,1.92666666666667,-0.193333333333333
1983,6,2.235,0.93,-0.513789503,-0.97060283,2.01,-0.516666666666667
1983,7,1.793,1.612,-0.289830363,-0.817096953333333,2.55666666666667,-0.26
1983,8,1.159,1.778,-0.0451776336666667,-0.638386033333333,2.57333333333333,0.0633333333333333
1983,9,0.459,1.783,-0.156127114,-0.509040683333333,2.09,0.603333333333333
1983,10,0.024,2.001,-0.302296900666667,-0.64109296,1.24,0.533333333333333
1983,11,-0.132,2.394,-0.11195819,-0.777458466666667,0.963333333333333,0.32
1983,12,-0.17,2.425,-0.201320673333333,-0.702422883333333,1.22333333333333,0.126666666666667
1984,1,-0.314,2.677,-0.1106385,-0.165291813333333,1.40333333333333,0.19
1984,2,-0.509,2.931,-0.16404819,0.281384766666667,1.46666666666667,0.653333333333333
1984,3,0.151,3.008,0.301583083333333,0.502978513333333,1.49333333333333,1.27
1984,4,0.39,2.812,0.75993406,0.0612550066666667,1.5,1.70666666666667
1984,5,0.18,2.498,0.953559626666667,-0.344720186666667,1.53,1.92666666666667
1984,6,-0.049,2.235,0.95969617,-0.513789503,1,2.01
1984,7,-0.054,1.793,0.71165157,-0.289830363,0.433333333333333,2.55666666666667
1984,8,-0.155,1.159,0.507168573333333,-0.0451776336666667,-0.01,2.57333333333333
1984,9,-0.12,0.459,0.53568608,-0.156127114,0.153333333333333,2.09
1984,10,-0.006,0.024,0.711525583333333,-0.302296900666667,0.406666666666667,1.24
1984,11,-0.35,-0.132,0.876282406666667,-0.11195819,0.653333333333333,0.963333333333333
1984,12,-0.585,-0.17,0.686034813333333,-0.201320673333333,0.703333333333333,1.22333333333333
1985,1,-0.546,-0.314,0.479564203333333,-0.1106385,0.933333333333333,1.40333333333333
1985,2,-0.576,-0.509,0.170517743,-0.16404819,1.01,1.46666666666667
1985,3,-0.696,0.151,0.163566743,0.301583083333333,0.926666666666667,1.49333333333333
1985,4,-0.468,0.39,0.162011503,0.75993406,0.566666666666667,1.5
1985,5,-0.706,0.18,0.23567779,0.953559626666667,0.253333333333333,1.53
1985,6,-0.166,-0.049,0.143626072,0.95969617,0.123333333333333,1
1985,7,-0.126,-0.054,0.0966494253333333,0.71165157,0.416666666666667,0.433333333333333
1985,8,-0.365,-0.155,-0.0329928013333333,0.507168573333333,0.686666666666667,-0.01
1985,9,-0.535,-0.12,-0.330176003333333,0.53568608,0.773333333333333,0.153333333333333
1985,10,-0.148,-0.006,-0.784037476666667,0.711525583333333,0.513333333333333,0.406666666666667
1985,11,-0.06,-0.35,-1.30448022333333,0.876282406666667,-0.00666666666666667,0.653333333333333
1985,12,-0.279,-0.585,-1.552621,0.686034813333333,-0.0266666666666667,0.703333333333333
1986,1,-0.293,-0.546,-1.41440083333333,0.479564203333333,0.25,0.933333333333333
1986,2,-0.183,-0.576,-1.29948936666667,0.170517743,1.03666666666667,1.01
1986,3,0.028,-0.696,-0.894671776666667,0.163566743,1.63666666666667,0.926666666666667
1986,4,-0.107,-0.468,-0.960732413333333,0.162011503,1.78,0.566666666666667
1986,5,0.353,-0.706,-0.64380841,0.23567779,1.63,0.253333333333333
1986,6,0.279,-0.166,-0.710347236666667,0.143626072,1.2,0.123333333333333
1986,7,0.401,-0.126,-0.701895943333333,0.0966494253333333,1.14333333333333,0.416666666666667
1986,8,0.765,-0.365,-0.87517878,-0.0329928013333333,0.83,0.686666666666667
1986,9,1.077,-0.535,-0.90929351,-0.330176003333333,0.606666666666667,0.773333333333333
1986,10,0.96,-0.148,-0.693419133333333,-0.784037476666667,0.48,0.513333333333333
1986,11,0.865,-0.06,-0.52108112,-1.30448022333333,0.996666666666667,-0.00666666666666667
1986,12,1.202,-0.279,-0.41707663,-1.552621,1.51333333333333,-0.0266666666666667
1987,1,1.249,-0.293,-0.0902774033333334,-1.41440083333333,1.80666666666667,0.25
1987,2,1.218,-0.183,0.332657383333333,-1.29948936666667,1.8,1.03666666666667
1987,3,1.716,0.028,0.57985682,-0.894671776666667,1.91,1.63666666666667
1987,4,1.855,-0.107,0.50791352,-0.960732413333333,2.00333333333333,1.78
1987,5,2.107,0.353,0.343507176666667,-0.64380841,2.03666666666667,1.63
1987,6,1.958,0.279,0.379837773333333,-0.710347236666667,1.58,1.2
1987,7,1.878,0.401,0.364981473333333,-0.701895943333333,1.53,1.14333333333333
1987,8,1.973,0.765,0.386701816666667,-0.87517878,1.85666666666667,0.83
1987,9,1.851,1.077,0.31197598,-0.90929351,2.42666666666667,0.606666666666667
1987,10,1.617,0.96,0.21032449,-0.693419133333333,2.21,0.48
1987,11,1.257,0.865,0.270996813333333,-0.52108112,1.75666666666667,0.996666666666667
1987,12,1.293,1.202,0.445028343333333,-0.41707663,1.36666666666667,1.51333333333333
1988,1,1.115,1.249,0.773008306666667,-0.0902774033333334,1.22333333333333,1.80666666666667
1988,2,0.716,1.218,0.864785786666667,0.332657383333333,1.14666666666667,1.8
1988,3,0.495,1.716,0.95672783,0.57985682,1.19666666666667,1.91
1988,4,0.389,1.855,1.11283193,0.50791352,1.2,2.00333333333333
1988,5,0.193,2.107,1.44001996,0.343507176666667,1.18666666666667,2.03666666666667
1988,6,-0.582,1.958,1.69820046666667,0.379837773333333,0.96,1.58
1988,7,-1.109,1.878,1.7486593,0.364981473333333,0.86,1.53
1988,8,-1.295,1.973,1.62013856666667,0.386701816666667,0.523333333333333,1.85666666666667
1988,9,-1.526,1.851,1.47798846666667,0.31197598,0.153333333333333,2.42666666666667
1988,10,-1.328,1.617,1.39866,0.21032449,-0.0933333333333333,2.21
1988,11,-1.453,1.257,1.34861133333333,0.270996813333333,-0.163333333333333,1.75666666666667
1988,12,-1.311,1.293,1.16163029,0.445028343333333,-0.183333333333333,1.36666666666667
1989,1,-1.103,1.115,1.10352785666667,0.773008306666667,-0.466666666666667,1.22333333333333
1989,2,-1.241,0.716,0.90987403,0.864785786666667,-0.8,1.14666666666667
1989,3,-1.035,0.495,0.967887396666667,0.95672783,-0.933333333333333,1.19666666666667
1989,4,-0.76,0.389,0.79161412,1.11283193,-0.723333333333333,1.2
1989,5,-0.393,0.193,0.765536273333333,1.44001996,-0.226666666666667,1.18666666666667
1989,6,-0.242,-0.582,0.629792683333333,1.69820046666667,0.17,0.96
1989,7,-0.43,-1.109,0.789875493333333,1.7486593,0.553333333333333,0.86
1989,8,-0.494,-1.295,0.817697393333333,1.62013856666667,0.426666666666667,0.523333333333333
1989,9,-0.315,-1.526,0.861749116666667,1.47798846666667,0.323333333333333,0.153333333333333
1989,10,-0.342,-1.328,0.5876749,1.39866,0.00666666666666667,-0.0933333333333333
1989,11,-0.073,-1.453,0.265145736666667,1.34861133333333,-0.19,-0.163333333333333
1989,12,0.131,-1.311,-0.01046673,1.16163029,-0.276666666666667,-0.183333333333333
1990,1,0.243,-1.103,-0.0681379466666667,1.10352785666667,-0.336666666666667,-0.466666666666667
1990,2,0.573,-1.241,-0.0613260966666667,0.90987403,-0.386666666666667,-0.8
1990,3,0.951,-1.035,0.213771073333333,0.967887396666667,-0.523333333333333,-0.933333333333333
1990,4,0.46,-0.76,0.204701793333333,0.79161412,-0.333333333333333,-0.723333333333333
1990,5,0.652,-0.393,0.266075201666667,0.765536273333333,0.03,-0.226666666666667
1990,6,0.511,-0.242,0.0266921156666667,0.629792683333333,0.383333333333333,0.17
1990,7,0.147,-0.43,-0.139929291,0.789875493333333,0.383333333333333,0.553333333333333
1990,8,0.127,-0.494,-0.218046076,0.817697393333333,0.273333333333333,0.426666666666667
1990,9,0.366,-0.315,-0.24932028,0.861749116666667,0.253333333333333,0.323333333333333
1990,10,0.273,-0.342,-0.203294446666667,0.5876749,-0.0666666666666667,0.00666666666666667
1990,11,0.383,-0.073,-0.339476523333333,0.265145736666667,-0.666666666666667,-0.19
1990,12,0.362,0.131,-0.797327393333333,-0.01046673,-1.53666666666667,-0.276666666666667
1991,1,0.319,0.243,-1.00532648,-0.0681379466666667,-1.98,-0.336666666666667
1991,2,0.323,0.573,-0.86051957,-0.0613260966666667,-1.81333333333333,-0.386666666666667
1991,3,0.399,0.951,-0.618578216666667,0.213771073333333,-1.31666666666667,-0.523333333333333
1991,4,0.449,0.46,-0.43931792,0.204701793333333,-0.98,-0.333333333333333
1991,5,0.741,0.652,-0.357650574666667,0.266075201666667,-0.753333333333333,0.03
1991,6,1.051,0.511,-0.217912154666667,0.0266921156666667,-0.996666666666667,0.383333333333333
1991,7,1.044,0.147,-0.308930411333333,-0.139929291,-0.693333333333333,0.383333333333333
1991,8,1.008,0.127,-0.48043838,-0.218046076,-0.403333333333333,0.273333333333333
1991,9,0.739,0.366,-0.667373676666667,-0.24932028,0.303333333333333,0.253333333333333
1991,10,0.99,0.273,-0.870906276666667,-0.203294446666667,0.5,-0.0666666666666667
1991,11,1.172,0.383,-0.736994306666667,-0.339476523333333,0.52,-0.666666666666667
1991,12,1.34,0.362,-0.491794796666667,-0.797327393333333,0.333333333333333,-1.53666666666667
1992,1,1.747,0.319,0.03592769,-1.00532648,0.186666666666667,-1.98
1992,2,1.886,0.323,-0.05881037,-0.86051957,0.15,-1.81333333333333
1992,3,1.985,0.399,-0.261418613333333,-0.618578216666667,0.343333333333333,-1.31666666666667
1992,4,2.247,0.449,-0.903648866666667,-0.43931792,0.576666666666667,-0.98
1992,5,2.085,0.741,-1.35001079,-0.357650574666667,0.986666666666667,-0.753333333333333
1992,6,1.735,1.051,-1.5266274,-0.217912154666667,1.18333333333333,-0.996666666666667
1992,7,1.045,1.044,-1.53623376666667,-0.308930411333333,1.56666666666667,-0.693333333333333
1992,8,0.559,1.008,-1.35351916666667,-0.48043838,1.53333333333333,-0.403333333333333
1992,9,0.488,0.739,-1.21884515333333,-0.667373676666667,1.39,0.303333333333333
1992,10,0.624,0.99,-1.054364,-0.870906276666667,1.06666666666667,0.5
1992,11,0.569,1.172,-1.06543113333333,-0.736994306666667,0.896666666666667,0.52
1992,12,0.664,1.34,-1.37278431333333,-0.491794796666667,0.796666666666667,0.333333333333333
1993,1,0.692,1.747,-1.98878246666667,0.03592769,0.503333333333333,0.186666666666667
1993,2,0.99,1.886,-2.2754968,-0.05881037,0.256666666666667,0.15
1993,3,0.987,1.985,-2.2332374,-0.261418613333333,0.333333333333333,0.343333333333333
1993,4,1.408,2.247,-1.54718832,-0.903648866666667,0.72,0.576666666666667
1993,5,1.993,2.085,-1.19672488666667,-1.35001079,1.36666666666667,0.986666666666667
1993,6,1.616,1.735,-1.17678922,-1.5266274,1.89333333333333,1.18333333333333
1993,7,1.204,1.045,-1.4833622,-1.53623376666667,2.27333333333333,1.56666666666667
1993,8,1.026,0.559,-1.624994,-1.35351916666667,2.46,1.53333333333333
1993,9,0.966,0.488,-1.74677093333333,-1.21884515333333,2.2,1.39
1993,10,1.045,0.624,-1.97201806666667,-1.054364,1.88666666666667,1.06666666666667
1993,11,0.822,0.569,-2.46680016666667,-1.06543113333333,1.40333333333333,0.896666666666667
1993,12,0.595,0.664,-2.4511728,-1.37278431333333,1.24,0.796666666666667
1994,1,0.352,0.692,-2.28441203333333,-1.98878246666667,1.17333333333333,0.503333333333333
1994,2,0.193,0.99,-1.9444107,-2.2754968,0.956666666666667,0.256666666666667
1994,3,0.159,0.987,-1.89615603333333,-2.2332374,0.866666666666667,0.333333333333333
1994,4,0.465,1.408,-1.76050923333333,-1.54718832,0.813333333333333,0.72
1994,5,0.58,1.993,-1.20140714666667,-1.19672488666667,1.02666666666667,1.36666666666667
1994,6,0.803,1.616,-0.786678756666667,-1.17678922,0.913333333333333,1.89333333333333
1994,7,0.904,1.204,-0.541364006666667,-1.4833622,0.583333333333333,2.27333333333333
1994,8,0.762,1.026,-0.727166983333333,-1.624994,-0.09,2.46
1994,9,0.893,0.966,-0.89158714,-1.74677093333333,-0.696666666666667,2.2
1994,10,1.389,1.045,-1.02478579,-1.97201806666667,-1.15666666666667,1.88666666666667
1994,11,1.282,0.822,-1.30134286666667,-2.46680016666667,-1.54666666666667,1.40333333333333
1994,12,1.251,0.595,-1.2719732,-2.4511728,-1.69,1.24
1995,1,1.219,0.352,-1.06807581,-2.28441203333333,-1.41333333333333,1.17333333333333
1995,2,0.959,0.193,-1.02555351,-1.9444107,-0.606666666666667,0.956666666666667
1995,3,0.845,0.159,-1.37151857666667,-1.89615603333333,0.24,0.866666666666667
1995,4,0.453,0.465,-1.8134937,-1.76050923333333,0.68,0.813333333333333
1995,5,0.57,0.58,-1.79461756666667,-1.20140714666667,1.01333333333333,1.02666666666667
1995,6,0.507,0.803,-1.459064,-0.786678756666667,1.18666666666667,0.913333333333333
1995,7,0.234,0.904,-1.35055796666667,-0.541364006666667,1.48,0.583333333333333
1995,8,-0.147,0.762,-1.18448166666667,-0.727166983333333,1.06333333333333,-0.09
1995,9,-0.445,0.893,-1.13312555,-0.89158714,1.02666666666667,-0.696666666666667
1995,10,-0.481,1.389,-0.805883246666667,-1.02478579,0.613333333333333,-1.15666666666667
1995,11,-0.474,1.282,-0.56302038,-1.30134286666667,0.45,-1.54666666666667
1995,12,-0.537,1.251,-0.193126056666667,-1.2719732,0.116666666666667,-1.69
1996,1,-0.597,1.219,-0.233547166666667,-1.06807581,0.156666666666667,-1.41333333333333
1996,2,-0.566,0.959,-0.49204,-1.02555351,0.5,-0.606666666666667
1996,3,-0.236,0.845,-0.946881873333333,-1.37151857666667,0.783333333333333,0.24
1996,4,-0.391,0.453,-0.879261686666667,-1.8134937,1.07333333333333,0.68
1996,5,-0.041,0.57,-0.953215386666667,-1.79461756666667,1.55,1.01333333333333
1996,6,0.087,0.507,-0.923638886666667,-1.459064,1.58,1.18666666666667
1996,7,-0.173,0.234,-1.07297859666667,-1.35055796666667,1.35,1.48
1996,8,-0.374,-0.147,-0.89747334,-1.18448166666667,0.576666666666667,1.06333333333333
1996,9,-0.457,-0.445,-0.855438086666667,-1.13312555,0.29,1.02666666666667
1996,10,-0.359,-0.481,-0.907752023333333,-0.805883246666667,-0.0766666666666667,0.613333333333333
1996,11,-0.149,-0.474,-1.02505771333333,-0.56302038,-9.25185853854297e-18,0.45
1996,12,-0.325,-0.537,-1.1653876,-0.193126056666667,-0.09,0.116666666666667
1997,1,-0.48,-0.597,-1.3651034,-0.233547166666667,0.0966666666666667,0.156666666666667
1997,2,-0.605,-0.566,-1.3694127,-0.49204,0.16,0.5
1997,3,-0.248,-0.236,-1.12378276,-0.946881873333333,0.386666666666667,0.783333333333333
1997,4,0.527,-0.391,-0.74575386,-0.879261686666667,0.66,1.07333333333333
1997,5,1.132,-0.041,-0.667120213333333,-0.953215386666667,1.17666666666667,1.55
1997,6,2.275,0.087,-0.773908566666667,-0.923638886666667,1.88,1.58
1997,7,2.825,-0.173,-0.862649696666667,-1.07297859666667,2.31333333333333,1.35
1997,8,3.002,-0.374,-0.832194043333333,-0.89747334,2.63333333333333,0.576666666666667
1997,9,2.99,-0.457,-0.679888333333333,-0.855438086666667,2.44333333333333,0.29
1997,10,2.361,-0.359,-0.6205208,-0.907752023333333,2.19666666666667,-0.0766666666666667
1997,11,2.516,-0.149,-0.300568756666667,-1.02505771333333,1.64,-9.25185853854297e-18
1997,12,2.344,-0.325,-0.0531828033333334,-1.1653876,1.13333333333333,-0.09
1998,1,2.455,-0.48,0.320874936666667,-1.3651034,0.873333333333333,0.0966666666666667
1998,2,2.777,-0.605,0.896218193333333,-1.3694127,1.02,0.16
1998,3,2.751,-0.248,1.10709692333333,-1.12378276,1.46666666666667,0.386666666666667
1998,4,2.658,0.527,1.10496322333333,-0.74575386,1.61333333333333,0.66
1998,5,2.206,1.132,0.564137516666667,-0.667120213333333,1.32666666666667,1.17666666666667
1998,6,1.336,2.275,0.30603906,-0.773908566666667,0.79,1.88
1998,7,0.392,2.825,0.263255263333333,-0.862649696666667,0.353333333333333,2.31333333333333
1998,8,-0.336,3.002,0.261613696666667,-0.832194043333333,0.0466666666666667,2.63333333333333
1998,9,-0.636,2.99,0.236766336,-0.679888333333333,-0.49,2.44333333333333
1998,10,-0.808,2.361,0.138629467333333,-0.6205208,-0.94,2.19666666666667
1998,11,-1.071,2.516,0.286860810666667,-0.300568756666667,-1.04,1.64
1998,12,-0.908,2.344,0.528310811333333,-0.0531828033333334,-0.783333333333333,1.13333333333333
1999,1,-1.039,2.455,0.856335666666667,0.320874936666667,-0.426666666666667,0.873333333333333
1999,2,-1.123,2.777,1.38527183,0.896218193333333,-0.473333333333333,1.02
1999,3,-0.95,2.751,1.7870942,1.10709692333333,-0.436666666666667,1.46666666666667
1999,4,-0.88,2.658,1.974965,1.10496322333333,-0.466666666666667,1.61333333333333
1999,5,-0.596,2.206,1.7417763,0.564137516666667,-0.473333333333333,1.32666666666667
1999,6,-0.339,1.336,1.7187849,0.30603906,-0.796666666666667,0.79
1999,7,-0.478,0.392,1.63034596666667,0.263255263333333,-0.88,0.353333333333333
1999,8,-0.739,-0.336,1.57330333333333,0.261613696666667,-0.973333333333333,0.0466666666666667
1999,9,-0.967,-0.636,1.3731841,0.236766336,-1.05,-0.49
1999,10,-0.97,-0.808,1.3057506,0.138629467333333,-1.57333333333333,-0.94
1999,11,-1.041,-1.071,1.26811226666667,0.286860810666667,-1.93666666666667,-1.04
1999,12,-1.142,-0.908,1.18405886666667,0.528310811333333,-1.97,-0.783333333333333
2000,1,-1.122,-1.039,1.25929806666667,0.856335666666667,-1.89333333333333,-0.426666666666667
2000,2,-1.189,-1.123,1.5269583,1.38527183,-1.48666666666667,-0.473333333333333
2000,3,-1.09,-0.95,1.89244573333333,1.7870942,-0.846666666666667,-0.436666666666667
2000,4,-0.397,-0.88,2.21268976666667,1.974965,-0.0633333333333334,-0.466666666666667
2000,5,0.251,-0.596,2.2449434,1.7417763,0.196666666666667,-0.473333333333333
2000,6,0.001,-0.339,2.22920956666667,1.7187849,-0.0466666666666667,-0.796666666666667
2000,7,-0.159,-0.478,1.9927144,1.63034596666667,-0.383333333333333,-0.88
2000,8,-0.145,-0.739,1.70315946666667,1.57330333333333,-0.763333333333333,-0.973333333333333
2000,9,-0.238,-0.967,1.46253056666667,1.3731841,-1.03,-1.05
2000,10,-0.391,-0.97,1.47666493333333,1.3057506,-1.24333333333333,-1.57333333333333
2000,11,-0.713,-1.041,1.69765413333333,1.26811226666667,-1.02333333333333,-1.93666666666667
2000,12,-0.55,-1.142,1.9592593,1.18405886666667,-0.436666666666667,-1.97
2001,1,-0.496,-1.122,2.3471742,1.25929806666667,0.196666666666667,-1.89333333333333
2001,2,-0.649,-1.189,2.66099153333333,1.5269583,0.47,-1.48666666666667
2001,3,-0.548,-1.09,2.73558486666667,1.89244573333333,0.446666666666667,-0.846666666666667
2001,4,-0.05,-0.397,2.51625436666667,2.21268976666667,0.143333333333333,-0.0633333333333334
2001,5,0.282,0.251,2.18220386666667,2.2449434,-0.0533333333333333,0.196666666666667
2001,6,0.052,0.001,2.16904653333333,2.22920956666667,-0.36,-0.0466666666666667
2001,7,0.297,-0.159,1.93456183333333,1.9927144,-0.693333333333333,-0.383333333333333
2001,8,0.332,-0.145,1.9216048,1.70315946666667,-0.85,-0.763333333333333
2001,9,-0.174,-0.238,1.76950226666667,1.46253056666667,-1.15,-1.03
2001,10,-0.276,-0.391,1.6566437,1.47666493333333,-1.17,-1.24333333333333
2001,11,-0.151,-0.713,1.60647726666667,1.69765413333333,-1.33333333333333,-1.02333333333333
2001,12,0.033,-0.55,1.64863983333333,1.9592593,-1.18666666666667,-0.436666666666667
2002,1,0.017,-0.496,1.88272176666667,2.3471742,-0.64,0.196666666666667
2002,2,-0.16,-0.649,2.0203324,2.66099153333333,-0.433333333333333,0.47
2002,3,-0.118,-0.548,1.97993013333333,2.73558486666667,-0.266666666666667,0.446666666666667
2002,4,0.401,-0.05,1.65768508666667,2.51625436666667,-0.463333333333333,0.143333333333333
2002,5,0.886,0.282,1.29942382,2.18220386666667,-0.46,-0.0533333333333333
2002,6,0.932,0.052,1.20179548666667,2.16904653333333,-0.433333333333333,-0.36
2002,7,0.712,0.297,1.36342026666667,1.93456183333333,-0.43,-0.693333333333333
2002,8,1.002,0.332,1.26651045,1.9216048,-0.02,-0.85
2002,9,0.881,-0.174,1.00618371333333,1.76950226666667,0.24,-1.15
2002,10,0.979,-0.276,0.81996392,1.6566437,0.483333333333333,-1.17
2002,11,1.076,-0.151,1.10242113666667,1.60647726666667,0.786666666666667,-1.33333333333333
2002,12,1.156,0.033,1.70646650666667,1.64863983333333,1.34333333333333,-1.18666666666667
2003,1,1.214,0.017,2.0883152,1.88272176666667,1.9,-0.64
2003,2,0.944,-0.16,1.86609866,2.0203324,1.98,-0.433333333333333
2003,3,0.83,-0.118,1.48415339333333,1.97993013333333,1.78333333333333,-0.266666666666667
2003,4,0.413,0.401,1.19499956,1.65768508666667,1.48,-0.463333333333333
2003,5,0.214,0.886,1.17056396666667,1.29942382,1.19333333333333,-0.46
2003,6,0.107,0.932,0.932890673333333,1.20179548666667,0.916666666666667,-0.433333333333333
2003,7,0.177,0.712,0.966463706666667,1.36342026666667,0.843333333333333,-0.43
2003,8,0.309,1.002,0.920806753333333,1.26651045,0.84,-0.02
2003,9,0.46,0.881,0.951318013333333,1.00618371333333,0.616666666666667,0.24
2003,10,0.497,0.979,0.979501413333333,0.81996392,0.573333333333333,0.483333333333333
2003,11,0.563,1.076,0.680616146666667,1.10242113666667,0.453333333333333,0.786666666666667
2003,12,0.362,1.156,0.465666676666667,1.70646650666667,0.56,1.34333333333333
2004,1,0.332,1.214,0.125007963333333,2.0883152,0.426666666666667,1.9
2004,2,0.37,0.944,0.38554044,1.86609866,0.413333333333333,1.98
2004,3,-0.036,0.83,0.438392266666667,1.48415339333333,0.506666666666667,1.78333333333333
2004,4,0.358,0.413,0.391803716666667,1.19499956,0.553333333333333,1.48
2004,5,0.558,0.214,0.23851165,1.17056396666667,0.686666666666667,1.19333333333333
2004,6,0.315,0.107,0.36969255,0.932890673333333,0.496666666666667,0.916666666666667
2004,7,0.571,0.177,0.465132163333333,0.966463706666667,0.453333333333333,0.843333333333333
2004,8,0.617,0.309,0.624475453333333,0.920806753333333,0.443333333333333,0.84
2004,9,0.558,0.46,0.491117856666667,0.951318013333333,0.68,0.616666666666667
2004,10,0.492,0.497,0.368229900666667,0.979501413333333,0.496666666666667,0.573333333333333
2004,11,0.794,0.563,-0.007490266,0.680616146666667,0.00333333333333334,0.453333333333333
2004,12,0.684,0.362,-0.461361676,0.465666676666667,-0.303333333333333,0.56
2005,1,0.325,0.332,-1.02849473666667,0.125007963333333,-0.12,0.426666666666667
2005,2,0.816,0.37,-1.37952591666667,0.38554044,0.36,0.413333333333333
2005,3,1.057,-0.036,-1.54666163333333,0.438392266666667,0.87,0.506666666666667
2005,4,0.626,0.358,-1.55570956666667,0.391803716666667,1.06666666666667,0.553333333333333
2005,5,0.885,0.558,-1.32059538,0.23851165,1.41666666666667,0.686666666666667
2005,6,0.589,0.315,-1.25299861333333,0.36969255,1.35333333333333,0.496666666666667
2005,7,0.519,0.571,-1.24559554666667,0.465132163333333,1.23,0.453333333333333
2005,8,0.343,0.617,-1.35912626666667,0.624475453333333,0.693333333333333,0.443333333333333
2005,9,0.296,0.558,-1.45536723333333,0.491117856666667,0.15,0.68
2005,10,-0.179,0.492,-1.19726459333333,0.368229900666667,-0.51,0.496666666666667
2005,11,-0.385,0.794,-1.37410492666667,-0.007490266,-1.09333333333333,0.00333333333333334
2005,12,-0.55,0.684,-1.26743816,-0.461361676,-0.873333333333333,-0.303333333333333
2006,1,-0.428,0.325,-1.18639467333333,-1.02849473666667,-0.09,-0.12
2006,2,-0.414,0.816,-0.989325773333333,-1.37952591666667,0.63,0.36
2006,3,-0.521,1.057,-0.80845106,-1.54666163333333,0.58,0.87
2006,4,-0.571,0.626,-0.781750296666667,-1.55570956666667,0.37,1.06666666666667
2006,5,0.045,0.885,-0.465919593333333,-1.32059538,0.31,1.41666666666667
2006,6,0.526,0.589,-0.271768796666667,-1.25299861333333,0.64,1.35333333333333
2006,7,0.716,0.519,-0.249483433333333,-1.24559554666667,0.623333333333333,1.23
2006,8,0.748,0.343,-0.331047366666667,-1.35912626666667,0.246666666666667,0.693333333333333
2006,9,0.8,0.296,-0.401746313333333,-1.45536723333333,-0.413333333333333,0.15
2006,10,0.939,-0.179,-0.585092766666667,-1.19726459333333,-0.546666666666667,-0.51
2006,11,1.272,-0.385,-0.794859043333333,-1.37410492666667,-0.403333333333333,-1.09333333333333
2006,12,0.965,-0.55,-0.7335248,-1.26743816,-0.0433333333333333,-0.873333333333333
2007,1,0.985,-0.428,-0.52127178,-1.18639467333333,-0.0233333333333333,-0.09
2007,2,0.537,-0.414,-0.23496423,-0.989325773333333,0.0633333333333333,0.63
2007,3,0.125,-0.521,-0.366233356666667,-0.80845106,-0.103333333333333,0.58
2007,4,0.026,-0.571,-0.14192154,-0.781750296666667,-0.0533333333333333,0.37
2007,5,0.348,0.045,0.134285766666667,-0.465919593333333,-0.1,0.31
2007,6,-0.155,0.526,0.72816282,-0.271768796666667,0.05,0.64
2007,7,-0.248,0.716,1.05106508333333,-0.249483433333333,0.256666666666667,0.623333333333333
2007,8,-0.442,0.748,1.30054706666667,-0.331047366666667,0.456666666666667,0.246666666666667
2007,9,-1.197,0.8,1.19280895666667,-0.401746313333333,0.306666666666667,-0.413333333333333
2007,10,-1.217,0.939,1.20595959,-0.585092766666667,-0.436666666666667,-0.546666666666667
2007,11,-1.155,1.272,0.968768876666667,-0.794859043333333,-0.963333333333333,-0.403333333333333
2007,12,-1.178,0.965,0.81830422,-0.7335248,-1.03666666666667,-0.0433333333333333
2008,1,-1.006,0.985,0.58057567,-0.52127178,-0.886666666666667,-0.0233333333333333
2008,2,-1.371,0.537,0.716212183333333,-0.23496423,-0.783333333333333,0.0633333333333333
2008,3,-1.552,0.125,1.02173395,-0.366233356666667,-0.826666666666667,-0.103333333333333
2008,4,-0.858,0.026,1.30173946666667,-0.14192154,-1,-0.0533333333333333
2008,5,-0.345,0.348,1.50264143333333,0.134285766666667,-1.2,-0.1
2008,6,0.142,-0.155,1.4707082,0.72816282,-1.41,0.05
2008,7,0.088,-0.248,1.48135,1.05106508333333,-1.46,0.256666666666667
2008,8,-0.269,-0.442,1.61659216666667,1.30054706666667,-1.57,0.456666666666667
2008,9,-0.58,-1.197,1.93282803333333,1.19280895666667,-1.64,0.306666666666667
2008,10,-0.699,-1.217,2.04552436666667,1.20595959,-1.67,-0.436666666666667
2008,11,-0.588,-1.155,1.9874529,0.968768876666667,-1.52,-0.963333333333333
2008,12,-0.646,-1.178,1.39467545,0.81830422,-1.29333333333333,-1.03666666666667
2009,1,-0.714,-1.006,1.04672715333333,0.58057567,-1.17333333333333,-0.886666666666667
2009,2,-0.69,-1.371,0.693034826666667,0.716212183333333,-1.27333333333333,-0.783333333333333
2009,3,-0.705,-1.552,0.65366916,1.02173395,-1.51333333333333,-0.826666666666667
2009,4,-0.106,-0.858,0.551620733333333,1.30173946666667,-1.59666666666667,-1
2009,5,0.326,-0.345,0.433582186666667,1.50264143333333,-1.37333333333333,-1.2
2009,6,0.751,0.142,0.446649196666667,1.4707082,-0.946666666666667,-1.41
2009,7,1.06,0.088,0.494767106666667,1.48135,-0.573333333333333,-1.46
2009,8,1.05,-0.269,0.549215386666667,1.61659216666667,-0.25,-1.57
2009,9,0.707,-0.58,0.75407037,1.93282803333333,0.0266666666666667,-1.64
2009,10,0.883,-0.699,0.952122183333333,2.04552436666667,0.293333333333333,-1.67
2009,11,1.107,-0.588,1.06448077666667,1.9874529,0.13,-1.52
2009,12,1.059,-0.646,1.09072133333333,1.39467545,-0.0166666666666667,-1.29333333333333
2010,1,1.066,-0.714,1.3940102,1.04672715333333,0.17,-1.17333333333333
2010,2,1.526,-0.69,1.65565276666667,0.693034826666667,0.576666666666667,-1.27333333333333
2010,3,1.462,-0.705,1.85261623333333,0.65366916,0.696666666666667,-1.51333333333333
2010,4,0.978,-0.106,1.55755303333333,0.551620733333333,0.68,-1.59666666666667
2010,5,0.658,0.326,1.56630476666667,0.433582186666667,0.613333333333333,-1.37333333333333
2010,6,-0.228,0.751,1.4276834,0.446649196666667,0.393333333333333,-0.946666666666667
2010,7,-1.103,1.06,1.41661866666667,0.494767106666667,-0.216666666666667,-0.573333333333333
2010,8,-1.671,1.05,1.15391196666667,0.549215386666667,-0.846666666666667,-0.25
2010,9,-1.879,0.707,1.0757355,0.75407037,-1.31,0.0266666666666667
2010,10,-1.892,0.883,1.22917336666667,0.952122183333333,-1.31333333333333,0.293333333333333
2010,11,-1.477,1.107,1.19921676333333,1.06448077666667,-1.16333333333333,0.13
2010,12,-1.558,1.059,1.12453403666667,1.09072133333333,-1.03,-0.0166666666666667
2011,1,-1.719,1.066,0.696365816666667,1.3940102,-0.983333333333333,0.17
2011,2,-1.544,1.526,0.550170873333333,1.65565276666667,-0.986666666666667,0.576666666666667
2011,3,-1.554,1.462,0.6911634,1.85261623333333,-0.813333333333333,0.696666666666667
2011,4,-1.387,0.978,0.782636666666667,1.55755303333333,-0.646666666666667,0.68
2011,5,-0.199,0.658,1.06441578,1.56630476666667,-0.493333333333333,0.613333333333333
2011,6,-0.003,-0.228,1.03452811333333,1.4276834,-0.493333333333333,0.393333333333333
2011,7,-0.193,-1.103,1.18104546666667,1.41661866666667,-0.973333333333333,-0.216666666666667
2011,8,-0.517,-1.671,1.06153573333333,1.15391196666667,-1.43,-0.846666666666667
2011,9,-0.778,-1.879,1.1332589,1.0757355,-1.79666666666667,-1.31
2011,10,-0.939,-1.892,1.18962796666667,1.22917336666667,-1.62333333333333,-1.31333333333333
2011,11,-0.938,-1.477,0.968934943333333,1.19921676333333,-1.82,-1.16333333333333
2011,12,-0.945,-1.558,0.570076703333333,1.12453403666667,-1.82,-1.03
2012,1,-0.98,-1.719,0.44636415,0.696365816666667,-1.83333333333333,-0.983333333333333
2012,2,-0.675,-1.544,0.60911619,0.550170873333333,-1.34,-0.986666666666667
2012,3,-0.382,-1.554,0.937441963333333,0.6911634,-1.09333333333333,-0.813333333333333
2012,4,0.11,-1.387,1.30178545,0.782636666666667,-0.723333333333333,-0.646666666666667
2012,5,0.757,-0.199,1.556779,1.06441578,-0.86,-0.493333333333333
2012,6,0.842,-0.003,1.83071653333333,1.03452811333333,-0.8,-0.493333333333333
2012,7,1.126,-0.193,1.80876893333333,1.18104546666667,-1.21666666666667,-0.973333333333333
2012,8,0.607,-0.517,1.84314586666667,1.06153573333333,-1.44,-1.43
2012,9,0.316,-0.778,1.64983546666667,1.1332589,-1.88666666666667,-1.79666666666667
2012,10,0.069,-0.939,1.65179556666667,1.18962796666667,-1.64333333333333,-1.62333333333333
2012,11,0.127,-0.938,1.54222606666667,0.968934943333333,-1.19666666666667,-1.82
2012,12,0.111,-0.945,1.4895292,0.570076703333333,-0.62,-1.82
2013,1,0.103,-0.98,1.27748243333333,0.44636415,-0.4,-1.83333333333333
2013,2,-0.068,-0.675,1.21131163333333,0.60911619,-0.346666666666667,-1.34
2013,3,-0.026,-0.382,1.02520606333333,0.937441963333333,-0.396666666666667,-1.09333333333333
2013,4,0.09,0.11,0.77368583,1.30178545,-0.406666666666667,-0.723333333333333
2013,5,0.205,0.757,0.656481736666667,1.556779,-0.236666666666667,-0.86
2013,6,-0.094,0.842,0.684460333333333,1.83071653333333,-0.286666666666667,-0.8
2013,7,-0.314,1.126,0.676152236666667,1.80876893333333,-0.65,-1.21666666666667
2013,8,-0.481,0.607,0.57937884,1.84314586666667,-1.02333333333333,-1.44
2013,9,-0.155,0.316,0.467357423333333,1.64983546666667,-0.923333333333333,-1.88666666666667
2013,10,0.115,0.069,0.26791408,1.65179556666667,-0.796666666666667,-1.64333333333333
2013,11,-0.053,0.127,-0.187568636666667,1.54222606666667,-0.486666666666667,-1.19666666666667
2013,12,-0.234,0.111,-0.801708646666667,1.4895292,-0.463333333333333,-0.62
2014,1,-0.27,0.103,-0.882528736666667,1.27748243333333,-0.0733333333333333,-0.4
2014,2,-0.259,-0.068,-0.703257916666667,1.21131163333333,0.09,-0.346666666666667
2014,3,0.018,-0.026,-0.370410046666667,1.02520606333333,0.55,-0.396666666666667
2014,4,0.295,0.09,-0.446221483333333,0.77368583,0.826666666666667,-0.406666666666667
2014,5,1.001,0.205,-0.281196853333333,0.656481736666667,1.3,-0.236666666666667
2014,6,1.046,-0.094,-0.26880292,0.684460333333333,1.25,-0.286666666666667
2014,7,0.915,-0.314,-0.107421933333333,0.676152236666667,1.10666666666667,-0.65
2014,8,0.937,-0.481,-0.365014323333333,0.57937884,0.73,-1.02333333333333
2014,9,0.557,-0.155,-0.484894073333333,0.467357423333333,0.816666666666667,-0.923333333333333
2014,10,0.421,0.115,-0.298721546666667,0.26791408,1.08,-0.796666666666667
2014,11,0.754,-0.053,-0.0131346966666667,-0.187568636666667,1.43,-0.486666666666667
2014,12,0.566,-0.234,0.127410873333333,-0.801708646666667,1.90666666666667,-0.463333333333333
2015,1,0.417,-0.27,-0.197760483333333,-0.882528736666667,2.22666666666667,-0.0733333333333333
2015,2,0.464,-0.259,-0.72592212,-0.703257916666667,2.42,0.09
2015,3,0.614,0.018,-1.07262477666667,-0.370410046666667,2.25,0.55
2015,4,0.916,0.295,-1.34852096666667,-0.446221483333333,1.91333333333333,0.826666666666667
2015,5,1.583,1.001,-1.16414438333333,-0.281196853333333,1.54666666666667,1.3
2015,6,2.097,1.046,-1.11556158333333,-0.26880292,1.39333333333333,1.25
2015,7,1.981,0.915,-1.14741548333333,-0.107421933333333,1.52666666666667,1.10666666666667
2015,8,2.334,0.937,-1.5501161,-0.365014323333333,1.64666666666667,0.73
2015,9,2.479,0.557,-1.8350002,-0.484894073333333,1.78,0.816666666666667
2015,10,2.201,0.421,-1.77923503333333,-0.298721546666667,1.65666666666667,1.08
2015,11,2.271,0.754,-1.88779286666667,-0.0131346966666667,1.42333333333333,1.43
2015,12,2.12,0.566,-1.5549771,0.127410873333333,1.11333333333333,1.90666666666667
2016,1,2.216,0.417,-0.806610643333333,-0.197760483333333,1.13333333333333,2.22666666666667
2016,2,2.17,0.464,0.0210586133333333,-0.72592212,1.43,2.42
2016,3,1.963,0.614,0.547333516666667,-1.07262477666667,1.89333333333333,2.25
2016,4,2.094,0.916,0.101088236666667,-1.34852096666667,2.25666666666667,1.91333333333333
2016,5,1.752,1.583,-0.202784843333333,-1.16414438333333,2.45666666666667,1.54666666666667
2016,6,1.053,2.097,-0.679849276666667,-1.11556158333333,2.33333333333333,1.39333333333333
2016,7,0.352,1.981,-0.70871296,-1.14741548333333,1.87666666666667,1.52666666666667
2016,8,0.167,2.334,-0.662614576666667,-1.5501161,1.26666666666667,1.64666666666667
2016,9,-0.118,2.479,-0.601116566666667,-1.8350002,0.74,1.78
2016,10,-0.385,2.201,-0.321378326666667,-1.77923503333333,0.51,1.65666666666667
2016,11,-0.209,2.271,0.246645146666667,-1.88779286666667,0.963333333333333,1.42333333333333
2016,12,-0.11,2.12,-0.00920843333333334,-1.5549771,1.20333333333333,1.11333333333333
2017,1,-0.052,2.216,-0.21559641,-0.806610643333333,1.27333333333333,1.13333333333333
2017,2,-0.043,2.17,-0.82594484,0.0210586133333333,0.88,1.43
2017,3,-0.08,1.963,-0.610407086666667,0.547333516666667,0.736666666666667,1.89333333333333
2017,4,0.744,2.094,-0.559155563333333,0.101088236666667,0.853333333333333,2.25666666666667
2017,5,1.445,1.752,-0.488189323333333,-0.202784843333333,0.913333333333333,2.45666666666667
2017,6,1.039,1.053,-0.28829861,-0.679849276666667,0.93,2.33333333333333
2017,7,0.456,0.352,-0.399083203333333,-0.70871296,0.59,1.87666666666667
2017,8,0.009,0.167,-0.42353941,-0.662614576666667,0.326666666666667,1.26666666666667
2017,9,-0.478,-0.118,-0.500619743333333,-0.601116566666667,0.17,0.74
2017,10,-0.568,-0.385,-0.82243873,-0.321378326666667,0.153333333333333,0.51
2017,11,-0.285,-0.209,-1.3312714,0.246645146666667,0.173333333333333,0.963333333333333
2017,12,-0.576,-0.11,-2.0510518,-0.00920843333333334,0.233333333333333,1.20333333333333
